1,919,27,612
2,371,97,825
3,1307,38,582
4,413,69,584
5,331,63,616
6,1307,21,790
7,1276,73,723
8,1011,86,708
9,1480,76,145
10,1413,26,424
11,1731,44,433
12,21,1,289
13,1252,16,839
14,98,60,945
15,1947,25,839
16,1180,26,40
17,271,16,661
18,760,23,261
19,1714,33,81
20,1213,3,27
21,1127,71,284
22,1467,33,538
23,1469,89,215
24,1846,98,104
25,486,35,610
26,1528,34,219
27,997,11,329
28,1488,69,685
29,1153,33,528
30,1538,24,231
31,891,34,803
32,1065,83,772
33,21,59,489
34,523,31,357
35,1780,67,599
36,1712,27,693
37,698,67,371
38,1126,65,526
39,586,41,105
40,383,99,504
41,352,63,509
42,1083,97,821
43,109,97,66
44,809,20,766
45,758,69,320
46,1211,81,162
47,465,6,169
48,956,72,133
49,1708,45,252
50,632,73,376
51,1735,9,503
52,1748,41,736
53,259,18,856
54,1467,31,231
55,28,87,215
56,1894,64,27
57,177,45,191
58,257,90,209
59,1208,92,169
60,1643,79,880
61,1855,77,336
62,1778,64,342
63,53,37,280
64,671,49,818
65,239,26,510
66,661,67,77
67,1347,1,636
68,487,55,617
69,1071,71,998
70,1276,20,102
71,119,46,470
72,130,63,988
73,995,88,463
74,1580,41,334
75,1225,25,801
76,1950,58,857
77,155,55,42
78,296,58,278
79,1610,73,190
80,1770,37,241
81,1398,40,845
82,1191,4,919
83,146,40,953
84,832,79,919
85,728,44,586
86,939,22,843
87,812,28,495
88,1073,54,971
89,1186,2,719
90,180,21,48
91,1954,48,448
92,849,38,144
93,1317,22,795
94,810,42,666
95,1380,67,395
96,67,51,764
97,1349,95,749
98,140,15,773
99,1720,86,556
100,1928,81,820
101,933,64,624
102,411,29,364
103,839,13,852
104,101,78,253
105,529,3,587
106,1720,54,252
107,48,14,189
108,1367,83,104
109,665,8,439
110,277,98,515
111,1617,54,245
112,1387,62,664
113,1737,22,608
114,926,37,42
115,403,91,770
116,695,23,138
117,616,62,467
118,898,45,565
119,321,24,4
120,759,69,355
121,1650,62,785
122,107,69,714
123,882,45,85
124,1355,12,10
125,1488,28,820
126,471,34,954
127,1274,31,213
128,320,30,363
129,1579,12,77
130,368,38,585
131,1038,64,275
132,1090,95,796
133,1931,50,634
134,650,82,733
135,1633,44,501
136,1943,81,887
137,1036,21,407
138,720,26,739
139,1254,40,344
140,394,95,717
141,1544,37,529
142,1822,36,425
143,722,89,732
144,572,38,310
145,1946,53,146
146,1709,9,744
147,1192,83,142
148,420,42,77
149,1919,70,446
150,940,38,378
151,640,22,355
152,1471,82,1000
153,1123,17,985
154,381,69,309
155,656,65,745
156,990,67,815
157,656,15,719
158,1665,82,536
159,1234,66,543
160,1396,76,561
161,785,52,424
162,1123,4,627
163,503,15,969
164,1674,85,788
165,191,31,206
166,1485,4,151
167,1689,30,458
168,1951,97,562
169,1195,95,755
170,1007,94,37
171,289,16,714
172,602,69,239
173,1599,60,918
174,785,99,329
175,870,39,918
176,1477,55,941
177,214,96,609
178,983,48,311
179,1592,83,684
180,1470,83,124
181,1141,33,157
182,1266,36,312
183,140,77,181
184,1876,3,808
185,704,7,768
186,1017,94,129
187,14,33,7
188,760,73,522
189,301,29,641
190,1366,21,722
191,588,52,432
192,1531,2,933
193,314,5,93
194,1423,75,207
195,502,88,858
196,230,97,353
197,380,20,421
198,277,50,925
199,1094,84,296
200,1779,73,989
201,1157,72,500
202,920,33,977
203,1401,34,612
204,155,31,746
205,830,15,498
206,213,99,231
207,1591,12,654
208,1636,36,794
209,790,71,974
210,1293,31,794
211,573,21,824
212,943,68,391
213,984,47,921
214,1843,16,625
215,1977,67,181
216,1249,46,943
217,1242,43,998
218,1310,30,34
219,1654,81,152
220,695,28,941
221,15,62,904
222,881,43,966
223,1404,14,854
224,1005,17,778
225,1813,22,509
226,438,73,990
227,796,58,80
228,1738,45,737
229,576,96,601
230,1743,29,761
231,1078,23,356
232,994,99,458
233,1816,10,754
234,246,17,433
235,44,82,476
236,908,79,941
237,1111,84,928
238,722,47,427
239,1821,75,278
240,481,76,295
241,530,57,835
242,1490,19,941
243,698,15,527
244,1705,81,999
245,1051,90,256
246,1092,16,275
247,217,61,857
248,350,89,585
249,314,78,79
250,1470,24,963
251,160,19,988
252,617,92,324
253,308,8,154
254,1342,8,920
255,1689,69,943
256,1428,23,604
257,1461,64,724
258,1015,73,77
259,1882,2,152
260,160,36,352
261,647,28,863
262,490,53,409
263,378,16,463
264,1332,28,569
265,1269,71,637
266,125,71,729
267,802,37,720
268,163,78,143
269,1395,44,121
270,146,97,752
271,40,82,118
272,1604,68,69
273,1346,63,301
274,474,6,176
275,219,46,9
276,673,71,507
277,422,33,644
278,1370,55,421
279,850,18,241
280,1122,54,486
281,793,65,622
282,10,76,943
283,894,56,181
284,1360,63,150
285,169,83,873
286,1991,14,992
287,1284,82,410
288,184,80,517
289,1817,83,384
290,73,18,831
291,1187,59,591
292,631,3,921
293,1634,41,915
294,413,100,489
295,752,24,404
296,491,62,500
297,219,10,323
298,1154,78,936
299,1596,14,426
300,1202,36,632
301,773,47,577
302,317,24,484
303,669,6,93
304,167,85,638
305,1056,2,433
306,409,82,263
307,1406,69,226
308,139,94,625
309,232,58,723
310,956,72,406
311,127,31,190
312,1873,78,169
313,560,95,209
314,588,4,550
315,1526,84,228
316,553,53,738
317,464,61,259
318,177,77,418
319,1660,98,480
320,603,77,451
321,1057,36,606
322,1243,35,394
323,1010,25,352
324,1385,72,944
325,1728,36,597
326,1944,15,200
327,1352,38,677
328,118,58,514
329,1519,82,676
330,1052,45,150
331,1252,78,363
332,1392,37,484
333,1986,64,471
334,1371,7,773
335,785,44,470
336,1793,96,355
337,666,20,535
338,1029,62,547
339,874,92,55
340,378,53,996
341,751,14,719
342,845,32,458
343,780,43,142
344,402,10,580
345,1487,69,29
346,1607,80,745
347,1788,46,770
348,613,8,634
349,1672,16,694
350,655,18,931
351,1290,14,67
352,202,42,119
353,835,77,768
354,1279,53,910
355,985,86,356
356,448,54,81
357,1613,44,170
358,1529,2,651
359,1408,37,113
360,653,29,404
361,1011,89,908
362,1478,81,137
363,1677,34,455
364,116,100,129
365,1743,73,890
366,1688,33,867
367,1073,34,371
368,335,25,57
369,702,32,645
370,248,21,203
371,1322,51,414
372,714,58,670
373,1387,34,788
374,772,34,284
375,940,98,247
376,1713,21,839
377,921,3,364
378,972,34,301
379,297,85,997
380,235,61,156
381,306,43,339
382,674,7,736
383,1557,73,806
384,1854,41,225
385,788,90,269
386,1131,15,6
387,1704,79,90
388,765,93,906
389,1214,60,525
390,336,44,523
391,980,24,171
392,611,36,165
393,636,62,439
394,802,5,2
395,1601,4,585
396,1586,10,876
397,1084,37,850
398,617,22,690
399,1577,63,733
400,146,78,208
401,1808,81,772
402,936,32,231
403,104,40,963
404,359,68,79
405,981,90,339
406,1948,9,517
407,249,67,323
408,830,67,649
409,722,12,409
410,1800,79,382
411,701,30,619
412,1013,38,26
413,118,18,326
414,501,86,634
415,1369,86,678
416,1711,36,980
417,52,87,975
418,387,74,954
419,1021,87,623
420,1483,64,816
421,1942,77,985
422,982,33,757
423,964,89,944
424,718,17,668
425,1683,53,154
426,690,20,193
427,1379,11,67
428,1014,38,678
429,787,25,827
430,324,17,548
431,237,86,374
432,1474,78,656
433,1985,92,886
434,1670,28,992
435,423,19,737
436,312,59,300
437,1793,19,196
438,1957,34,638
439,1096,45,114
440,248,61,519
441,1471,53,301
442,755,40,737
443,604,7,688
444,108,66,450
445,13,91,387
446,730,38,923
447,375,60,2
448,1642,32,864
449,1202,46,62
450,56,37,697
451,804,63,489
452,1983,87,355
453,1456,20,153
454,1697,63,334
455,1832,14,537
456,536,36,978
457,142,95,130
458,1010,66,535
459,1164,27,736
460,338,61,585
461,891,28,669
462,766,42,955
463,1967,21,876
464,112,89,36
465,372,66,500
466,1944,45,915
467,1389,69,129
468,794,15,149
469,86,86,297
470,623,50,875
471,729,70,948
472,204,64,493
473,1857,56,199
474,1482,8,26
475,1007,97,687
476,1636,4,724
477,320,91,838
478,1485,89,404
479,1746,17,965
480,1253,42,815
481,1332,41,614
482,651,75,752
483,1915,72,639
484,149,25,984
485,48,35,514
486,49,92,739
487,203,40,210
488,76,92,240
489,1100,63,860
490,1140,53,59
491,1564,1,683
492,1715,82,387
493,470,46,334
494,1569,71,598
495,178,23,12
496,1545,59,969
497,179,90,585
498,1368,26,345
499,1015,11,385
500,654,69,990
501,1898,34,642
502,887,38,610
503,538,37,448
504,53,21,382
505,1800,12,86
506,814,70,829
507,1288,56,509
508,1690,52,353
509,286,18,334
510,1429,90,402
511,1505,90,505
512,673,97,9
513,203,84,407
514,262,75,53
515,308,28,861
516,40,94,788
517,1078,51,843
518,1385,36,206
519,533,7,517
520,525,42,418
521,1431,30,397
522,421,30,569
523,839,53,187
524,1653,82,863
525,516,15,198
526,367,71,669
527,40,78,851
528,977,73,559
529,1460,24,696
530,1766,46,263
531,320,25,438
532,160,45,630
533,1235,34,309
534,319,75,117
535,71,20,153
536,310,99,871
537,840,69,38
538,1993,36,300
539,1358,15,432
540,1773,80,615
541,1255,66,683
542,1456,5,669
543,104,5,984
544,819,70,279
545,1415,84,632
546,1471,54,570
547,1719,27,409
548,1700,74,37
549,1396,37,62
550,1923,60,139
551,987,98,347
552,1795,11,677
553,1444,57,42
554,57,45,452
555,1180,29,901
556,1377,1,637
557,1043,86,178
558,1121,45,419
559,111,76,132
560,1588,33,214
561,1905,30,653
562,91,52,69
563,1281,50,576
564,340,18,539
565,596,10,443
566,1917,65,70
567,1901,85,653
568,121,53,90
569,465,11,584
570,496,91,288
571,1895,74,957
572,847,86,342
573,1040,71,88
574,13,37,113
575,1259,92,831
576,545,19,130
577,582,93,827
578,1064,85,234
579,1115,41,267
580,1496,47,61
581,486,76,876
582,1885,13,219
583,163,39,165
584,1899,15,487
585,661,82,712
586,80,7,524
587,886,5,398
588,1672,72,594
589,1070,36,426
590,610,16,568
591,1709,68,803
592,1192,25,36
593,1527,24,50
594,1169,71,846
595,939,49,982
596,759,77,417
597,1645,8,946
598,1302,47,512
599,658,77,874
600,634,86,996
601,1349,32,157
602,291,90,439
603,1830,81,669
604,472,76,511
605,1438,97,801
606,1541,12,662
607,1947,86,41
608,414,31,915
609,1005,16,935
610,1462,46,888
611,1199,16,546
612,971,5,318
613,820,60,507
614,1942,92,814
615,100,84,772
616,1146,14,803
617,1182,30,886
618,682,19,606
619,205,49,502
620,1862,22,75
621,1940,67,16
622,948,9,962
623,997,80,745
624,1414,70,295
625,1465,96,132
626,1217,46,498
627,1131,52,17
628,1392,65,171
629,1015,75,703
630,986,73,731
631,31,28,968
632,1147,51,959
633,1099,1,156
634,230,18,40
635,1719,36,148
636,983,91,852
637,392,58,938
638,1626,44,753
639,563,55,103
640,1011,24,885
641,1425,2,995
642,632,82,563
643,117,2,375
644,109,77,359
645,143,70,568
646,906,8,283
647,1740,27,123
648,1346,64,704
649,1180,28,732
650,650,59,844
651,1815,48,725
652,945,64,711
653,1888,78,184
654,143,100,46
655,62,43,560
656,682,6,861
657,1004,1,634
658,1170,11,890
659,563,82,756
660,1262,59,583
661,118,25,870
662,1109,38,231
663,1846,39,905
664,1294,96,135
665,141,7,442
666,703,33,316
667,1501,44,302
668,862,59,356
669,1601,47,173
670,157,11,573
671,1137,42,455
672,350,48,965
673,752,74,138
674,1249,53,4
675,1010,10,535
676,1126,14,998
677,308,46,937
678,687,36,998
679,445,52,913
680,344,66,6
681,1034,89,48
682,1583,38,579
683,297,75,258
684,756,63,707
685,181,17,989
686,1056,25,651
687,1746,86,290
688,169,31,429
689,630,5,519
690,1907,20,304
691,913,81,124
692,398,5,288
693,288,75,110
694,1232,98,913
695,649,48,446
696,1467,96,184
697,1951,22,550
698,755,20,750
699,1530,37,422
700,1886,72,8
701,1366,98,978
702,1157,87,490
703,1785,47,201
704,1335,48,432
705,1245,13,245
706,1025,20,80
707,1409,33,645
708,705,94,873
709,657,63,839
710,1456,42,262
711,1687,6,355
712,1376,75,851
713,1734,87,52
714,184,8,804
715,548,37,188
716,1078,62,582
717,1273,47,590
718,1451,93,786
719,767,37,54
720,1842,88,406
721,753,92,19
722,362,62,863
723,1127,1,599
724,1633,10,79
725,1134,70,484
726,1673,3,396
727,521,19,751
728,460,28,694
729,1567,93,752
730,241,57,319
731,13,44,300
732,785,6,507
733,189,72,595
734,660,50,53
735,1993,100,854
736,313,44,261
737,1307,48,208
738,1935,66,537
739,1545,23,475
740,1292,15,343
741,327,79,351
742,491,70,298
743,1293,49,626
744,1150,40,576
745,194,21,170
746,878,59,779
747,403,92,67
748,699,96,261
749,1565,39,123
750,1940,45,81
751,1248,88,347
752,336,72,954
753,1551,85,115
754,1801,9,993
755,1851,32,366
756,373,97,257
757,545,27,20
758,573,42,651
759,1590,44,269
760,1992,36,677
761,130,86,684
762,631,55,630
763,410,89,568
764,1816,17,910
765,1782,89,282
766,1787,92,753
767,201,97,151
768,1202,100,809
769,1633,24,361
770,1110,28,59
771,166,58,818
772,675,39,52
773,1323,85,928
774,285,50,462
775,1138,47,34
776,809,66,530
777,1869,70,71
778,884,61,821
779,121,86,354
780,92,3,963
781,346,26,972
782,802,91,143
783,1145,28,788
784,668,65,282
785,576,68,66
786,1367,77,888
787,1639,75,735
788,581,56,465
789,758,53,430
790,1352,19,437
791,1542,14,565
792,1787,63,360
793,1317,84,5
794,733,60,775
795,78,16,455
796,367,53,425
797,1684,68,363
798,84,33,578
799,401,65,117
800,472,75,412
801,1526,36,625
802,1661,20,633
803,466,53,237
804,870,38,106
805,853,34,354
806,1292,43,76
807,572,17,878
808,1466,27,870
809,116,49,246
810,266,50,452
811,635,9,498
812,277,21,241
813,196,49,946
814,275,53,788
815,1203,69,21
816,112,87,781
817,932,8,230
818,767,63,869
819,1575,95,390
820,1300,96,413
821,43,67,1
822,1954,57,625
823,1662,41,430
824,1904,83,734
825,177,7,485
826,285,95,117
827,98,51,943
828,1401,88,299
829,824,51,392
830,263,85,839
831,1543,99,399
832,1694,78,229
833,1561,64,693
834,656,9,226
835,51,43,970
836,1765,42,572
837,734,15,687
838,1357,51,400
839,1854,15,973
840,741,63,571
841,680,86,54
842,516,78,482
843,820,58,315
844,18,57,23
845,1343,98,227
846,1279,69,204
847,925,33,788
848,4,54,239
849,238,96,205
850,319,99,621
851,501,22,273
852,1674,20,371
853,79,99,330
854,150,89,302
855,385,70,840
856,1784,4,230
857,554,33,313
858,1602,90,436
859,1886,35,894
860,1333,12,828
861,514,24,695
862,1980,23,208
863,654,18,624
864,1461,69,199
865,1901,64,94
866,1691,29,238
867,776,21,615
868,1890,85,170
869,1421,66,495
870,1908,89,736
871,1532,35,671
872,1039,65,744
873,1603,91,697
874,1835,6,307
875,187,95,147
876,13,79,541
877,488,44,292
878,1308,36,951
879,1220,3,975
880,290,14,761
881,1267,55,577
882,37,21,979
883,1596,94,640
884,1367,68,210
885,496,57,69
886,1317,64,608
887,1836,92,937
888,1824,17,101
889,179,20,294
890,1669,4,658
891,1580,8,356
892,701,66,763
893,1227,70,853
894,1480,28,397
895,528,6,750
896,423,57,8
897,439,67,240
898,1425,87,243
899,1955,24,636
900,834,91,431
901,1926,69,800
902,476,55,906
903,385,79,481
904,1492,60,520
905,847,82,682
906,1115,53,60
907,1128,93,643
908,470,58,889
909,503,8,950
910,486,67,657
911,867,71,321
912,710,7,197
913,275,5,155
914,1005,6,954
915,795,66,47
916,432,75,356
917,1613,87,714
918,371,27,981
919,1558,11,788
920,1479,88,467
921,1868,58,857
922,9,97,8
923,1744,75,393
924,831,79,860
925,694,67,781
926,1660,61,941
927,1660,21,80
928,390,77,772
929,671,59,145
930,1267,4,71
931,912,6,849
932,202,70,751
933,287,24,710
934,1912,86,765
935,1484,12,565
936,1132,20,235
937,1272,100,743
938,934,23,100
939,432,68,419
940,1280,77,907
941,992,81,993
942,282,23,891
943,30,96,940
944,1792,84,352
945,690,51,984
946,1889,90,453
947,1766,87,639
948,488,92,820
949,468,96,140
950,1934,1,577
951,1635,91,22
952,1187,58,142
953,195,46,433
954,1151,24,378
955,1140,62,229
956,1814,57,16
957,97,10,582
958,1940,14,563
959,795,28,101
960,949,34,893
961,362,58,674
962,768,10,732
963,1858,46,548
964,111,82,639
965,1435,17,376
966,867,60,302
967,1105,33,938
968,1895,52,552
969,953,6,26
970,1937,26,392
971,213,11,781
972,219,98,587
973,253,44,977
974,1509,7,456
975,1963,24,685
976,1058,41,165
977,1146,100,175
978,237,78,662
979,1726,28,620
980,1876,50,497
981,150,61,956
982,1994,65,817
983,1818,93,300
984,1315,75,404
985,278,49,220
986,719,4,846
987,1578,28,347
988,1232,35,522
989,262,81,13
990,1599,42,593
991,426,76,547
992,520,51,193
993,1600,83,332
994,376,87,321
995,1902,98,512
996,306,33,514
997,1758,92,634
998,1625,12,521
999,1351,75,548
1000,1592,97,74
1001,272,13,914
1002,903,11,677
1003,1228,80,951
1004,624,95,777
1005,1015,36,828
1006,1185,11,776
1007,1311,100,995
1008,896,21,397
1009,120,49,337
1010,948,51,593
1011,1517,54,651
1012,773,25,938
1013,1500,27,644
1014,15,4,803
1015,279,13,128
1016,1863,72,101
1017,1730,92,807
1018,1555,89,630
1019,802,95,748
1020,1052,25,217
1021,824,100,795
1022,1759,95,867
1023,1691,46,576
1024,1066,41,5
1025,1676,1,813
1026,605,15,462
1027,462,79,984
1028,986,39,245
1029,1457,92,916
1030,853,8,808
1031,1538,19,54
1032,1072,83,306
1033,324,89,722
1034,56,29,597
1035,389,36,524
1036,1689,49,152
1037,582,83,843
1038,774,6,469
1039,890,72,606
1040,371,40,38
1041,33,32,558
1042,592,67,634
1043,1141,24,711
1044,99,90,101
1045,47,59,49
1046,735,99,156
1047,1473,41,386
1048,964,40,488
1049,776,28,476
1050,1045,57,163
1051,867,16,547
1052,1253,15,543
1053,1715,90,222
1054,1616,39,433
1055,645,18,563
1056,211,88,718
1057,992,46,760
1058,219,50,988
1059,1611,33,793
1060,556,8,729
1061,984,74,678
1062,940,4,525
1063,1261,55,297
1064,1453,65,151
1065,645,64,923
1066,1595,11,933
1067,1724,28,814
1068,1152,83,15
1069,334,67,867
1070,1668,7,686
1071,57,85,31
1072,940,16,508
1073,853,22,434
1074,234,3,378
1075,1425,82,329
1076,1172,5,753
1077,835,12,164
1078,1748,42,368
1079,1258,1,11
1080,1817,67,438
1081,106,97,740
1082,1177,7,592
1083,7,6,723
1084,1744,78,826
1085,1838,100,902
1086,480,15,946
1087,994,57,878
1088,535,44,754
1089,896,9,341
1090,61,82,109
1091,1201,48,628
1092,1135,84,142
1093,53,61,478
1094,1531,95,818
1095,1502,27,338
1096,318,60,591
1097,1742,70,16
1098,397,66,721
1099,517,25,1
1100,358,83,279
1101,155,65,490
1102,1648,52,401
1103,462,26,492
1104,697,64,540
1105,73,26,248
1106,1060,52,933
1107,839,74,741
1108,1415,95,663
1109,1826,39,503
1110,1023,33,926
1111,1920,61,710
1112,1383,79,714
1113,479,37,289
1114,879,6,477
1115,1137,95,154
1116,692,99,708
1117,115,74,621
1118,843,80,374
1119,464,21,835
1120,704,69,630
1121,431,22,259
1122,837,41,253
1123,1014,70,480
1124,1210,62,233
1125,530,50,766
1126,1907,86,170
1127,448,69,750
1128,10,78,662
1129,505,82,554
1130,1075,37,5
1131,117,81,990
1132,1830,20,858
1133,1678,36,760
1134,1235,38,865
1135,41,96,236
1136,400,20,567
1137,1530,60,276
1138,1628,97,685
1139,1068,17,532
1140,431,57,809
1141,896,28,626
1142,866,39,974
1143,1243,74,909
1144,109,84,501
1145,1133,84,249
1146,616,90,253
1147,51,60,978
1148,442,7,166
1149,1385,55,73
1150,132,78,275
1151,1034,50,396
1152,70,43,252
1153,1754,80,972
1154,1166,74,498
1155,1340,98,370
1156,537,95,857
1157,210,18,450
1158,1776,77,801
1159,1498,36,16
1160,1757,25,960
1161,106,37,26
1162,316,50,408
1163,1323,42,748
1164,1787,96,371
1165,671,72,601
1166,1720,82,943
1167,1904,95,909
1168,839,41,372
1169,770,35,450
1170,433,18,75
1171,1273,97,518
1172,1120,25,869
1173,1774,54,731
1174,1776,55,745
1175,1770,45,613
1176,1807,18,691
1177,75,28,556
1178,488,95,41
1179,1663,20,286
1180,1887,46,831
1181,1174,38,899
1182,1580,65,449
1183,1285,94,874
1184,417,25,366
1185,489,26,361
1186,1268,20,671
1187,206,63,576
1188,894,76,167
1189,754,86,914
1190,292,99,92
1191,310,27,474
1192,685,82,433
1193,741,62,160
1194,1124,35,879
1195,864,60,912
1196,860,19,159
1197,1491,65,443
1198,1986,24,700
1199,1668,8,757
1200,1877,40,204
1201,631,3,879
1202,774,100,65
1203,699,7,333
1204,1997,79,173
1205,1683,42,548
1206,1967,89,803
1207,1616,44,677
1208,686,23,148
1209,106,38,370
1210,293,51,709
1211,693,58,383
1212,1699,74,717
1213,962,96,586
1214,1698,6,446
1215,185,21,368
1216,1120,70,700
1217,246,61,764
1218,340,97,431
1219,95,82,569
1220,1074,55,782
1221,494,14,53
1222,420,59,304
1223,1502,88,522
1224,1303,40,256
1225,453,45,43
1226,1691,36,62
1227,163,74,242
1228,1735,58,346
1229,352,99,219
1230,1670,42,163
1231,1877,72,399
1232,429,39,834
1233,270,63,642
1234,537,6,477
1235,927,87,558
1236,1529,42,782
1237,1330,27,68
1238,130,36,52
1239,1535,30,468
1240,779,30,808
1241,1260,75,336
1242,1102,59,374
1243,697,65,350
1244,507,48,77
1245,1156,22,55
1246,472,65,662
1247,1349,12,163
1248,1720,93,555
1249,89,2,210
1250,1238,36,731
1251,784,58,230
1252,1654,57,556
1253,1513,29,26
1254,1047,41,960
1255,356,40,454
1256,1400,53,360
1257,1464,12,236
1258,646,15,450
1259,1773,33,694
1260,838,4,552
1261,800,31,266
1262,399,85,798
1263,508,46,774
1264,1949,21,391
1265,758,78,640
1266,1135,32,997
1267,1457,30,111
1268,1481,62,61
1269,1346,1,396
1270,1597,7,759
1271,398,72,366
1272,1628,83,657
1273,1446,42,368
1274,595,79,690
1275,1112,49,5
1276,1270,63,991
1277,219,3,170
1278,218,19,339
1279,407,22,724
1280,897,48,95
1281,1854,71,106
1282,1607,14,694
1283,1232,92,708
1284,903,67,573
1285,167,90,612
1286,217,55,480
1287,1960,74,749
1288,1703,67,620
1289,235,80,705
1290,1445,21,866
1291,1807,34,512
1292,850,26,685
1293,1353,44,667
1294,881,1,501
1295,758,41,633
1296,421,100,749
1297,1752,45,649
1298,1567,15,690
1299,1061,44,994
1300,566,47,83
1301,1455,12,428
1302,767,98,337
1303,1927,1,107
1304,46,31,622
1305,1784,7,310
1306,1715,68,964
1307,1411,86,950
1308,615,40,578
1309,511,47,145
1310,515,2,418
1311,994,72,612
1312,1069,95,583
1313,28,53,768
1314,1325,21,309
1315,1110,13,683
1316,976,86,934
1317,1238,30,451
1318,1217,80,756
1319,1801,51,527
1320,456,59,197
1321,754,8,389
1322,895,95,242
1323,1537,97,536
1324,48,87,772
1325,819,44,831
1326,1660,6,322
1327,834,12,466
1328,1121,18,440
1329,1120,51,37
1330,1627,41,898
1331,1206,27,353
1332,604,65,132
1333,1114,61,769
1334,1914,51,185
1335,1287,46,14
1336,1895,59,576
1337,1012,86,882
1338,55,60,871
1339,1154,52,461
1340,1235,38,472
1341,1523,18,922
1342,789,51,709
1343,8,59,289
1344,596,44,185
1345,918,13,841
1346,290,41,580
1347,1756,57,655
1348,1586,24,290
1349,97,38,555
1350,802,43,101
1351,759,99,289
1352,930,20,9
1353,1854,20,578
1354,85,23,90
1355,1046,64,220
1356,1454,99,281
1357,34,47,847
1358,1617,82,181
1359,1400,76,729
1360,413,27,34
1361,339,31,517
1362,1541,57,2
1363,703,5,643
1364,1673,59,789
1365,1734,71,225
1366,1413,83,814
1367,650,55,587
1368,562,94,537
1369,964,19,349
1370,1311,21,335
1371,601,18,917
1372,134,71,719
1373,1893,78,544
1374,976,49,18
1375,1500,61,41
1376,1818,14,567
1377,1590,29,105
1378,915,74,487
1379,470,24,5
1380,933,18,760
1381,650,94,940
1382,1260,79,886
1383,136,28,383
1384,1601,23,906
1385,609,77,28
1386,473,74,408
1387,1705,58,483
1388,1360,13,773
1389,1985,75,961
1390,275,96,27
1391,1060,94,382
1392,860,34,533
1393,468,16,456
1394,412,29,323
1395,1627,87,49
1396,1633,8,379
1397,753,21,227
1398,1672,19,188
1399,557,37,667
1400,1118,21,168
1401,1440,20,570
1402,965,22,996
1403,942,41,707
1404,340,48,528
1405,548,19,731
1406,707,100,94
1407,64,17,785
1408,1515,19,672
1409,1760,86,128
1410,628,5,971
1411,1300,20,87
1412,1787,39,158
1413,1560,4,48
1414,73,26,934
1415,1999,34,787
1416,1538,96,529
1417,241,45,525
1418,1815,79,916
1419,1154,55,213
1420,348,8,738
1421,1189,88,755
1422,1229,94,9
1423,1681,13,17
1424,36,65,878
1425,257,36,696
1426,1022,8,57
1427,1684,2,253
1428,730,54,708
1429,272,99,599
1430,326,9,88
1431,147,94,653
1432,1758,77,689
1433,1180,79,283
1434,1490,97,246
1435,1902,46,294
1436,864,25,510
1437,141,32,40
1438,112,52,276
1439,343,79,328
1440,663,6,718
1441,1279,22,731
1442,879,13,795
1443,1993,36,353
1444,1786,41,488
1445,212,23,214
1446,1099,40,602
1447,377,7,594
1448,111,54,923
1449,1183,40,885
1450,1780,28,106
1451,1981,37,416
1452,1550,28,505
1453,915,11,969
1454,581,55,158
1455,1805,43,327
1456,1486,9,679
1457,1644,46,392
1458,1987,3,101
1459,1342,78,179
1460,880,90,651
1461,1025,3,150
1462,1543,84,772
1463,477,52,885
1464,654,68,474
1465,1167,99,843
1466,304,78,441
1467,1153,43,912
1468,773,34,991
1469,832,48,137
1470,225,65,885
1471,936,3,998
1472,506,92,672
1473,1190,47,398
1474,418,26,444
1475,103,83,52
1476,1871,85,378
1477,1595,55,548
1478,106,44,676
1479,887,54,533
1480,613,69,740
1481,1273,47,347
1482,463,73,895
1483,1235,75,96
1484,512,81,417
1485,655,52,349
1486,1479,77,803
1487,1869,27,397
1488,227,18,359
1489,1612,6,310
1490,660,44,59
1491,1303,44,526
1492,1200,41,673
1493,301,29,787
1494,495,96,543
1495,1056,99,3
1496,1686,32,755
1497,1723,31,17
1498,1057,91,960
1499,95,76,250
1500,884,13,39
1501,1475,71,103
1502,1544,65,555
1503,1686,72,343
1504,806,68,37
1505,1002,9,210
1506,373,96,448
1507,1627,38,725
1508,1842,41,193
1509,914,41,239
1510,3,35,523
1511,1951,27,145
1512,364,46,85
1513,1622,77,338
1514,165,67,940
1515,661,60,618
1516,1350,97,8
1517,1526,34,416
1518,982,96,84
1519,670,51,488
1520,1560,85,960
1521,93,37,581
1522,339,62,265
1523,1831,94,126
1524,213,33,582
1525,1405,7,867
1526,1192,62,186
1527,524,57,256
1528,438,9,444
1529,20,27,768
1530,1252,88,444
1531,1919,17,129
1532,1737,90,598
1533,1327,83,27
1534,1708,75,327
1535,1598,39,738
1536,579,78,815
1537,823,94,294
1538,354,91,966
1539,722,93,647
1540,1257,82,578
1541,1316,7,419
1542,569,94,58
1543,1721,90,794
1544,1569,98,158
1545,1863,55,667
1546,239,39,374
1547,1212,56,936
1548,1617,44,939
1549,1923,28,940
1550,986,3,76
1551,723,91,437
1552,115,50,622
1553,1837,30,612
1554,604,31,316
1555,1011,18,583
1556,1032,60,175
1557,457,66,479
1558,1106,78,884
1559,441,25,941
1560,1545,7,997
1561,1453,52,146
1562,1716,11,58
1563,1288,17,420
1564,753,48,584
1565,892,6,331
1566,1055,65,107
1567,1832,94,615
1568,1746,21,291
1569,1233,90,25
1570,190,52,489
1571,1444,41,468
1572,761,69,886
1573,1292,59,289
1574,246,60,783
1575,227,31,350
1576,1185,49,19
1577,202,91,340
1578,1616,21,624
1579,887,65,726
1580,706,48,856
1581,392,10,631
1582,812,95,445
1583,634,21,848
1584,1227,16,855
1585,1208,53,667
1586,1644,61,835
1587,156,52,772
1588,182,24,35
1589,529,94,126
1590,1014,30,202
1591,873,22,554
1592,1237,36,983
1593,326,67,299
1594,497,34,253
1595,259,34,930
1596,37,1,858
1597,34,42,634
1598,366,15,26
1599,303,78,898
1600,640,64,803
1601,1992,49,303
1602,1106,20,872
1603,690,83,366
1604,1816,18,349
1605,785,85,857
1606,765,57,800
1607,58,20,195
1608,1886,42,420
1609,60,70,961
1610,48,62,145
1611,750,89,397
1612,1514,2,825
1613,1690,99,84
1614,762,22,822
1615,807,36,676
1616,137,79,199
1617,570,18,929
1618,967,100,981
1619,1547,16,395
1620,276,99,913
1621,1270,76,352
1622,938,91,151
1623,1605,33,198
1624,86,66,879
1625,1214,40,582
1626,1611,98,811
1627,1453,43,249
1628,10,17,626
1629,1535,65,558
1630,427,83,205
1631,711,42,54
1632,1591,8,50
1633,1059,12,494
1634,1019,87,800
1635,316,6,732
1636,1164,37,891
1637,1748,5,507
1638,1752,24,286
1639,1771,58,400
1640,1529,19,731
1641,1201,53,550
1642,608,15,987
1643,1678,86,340
1644,91,70,210
1645,1271,19,663
1646,1331,8,599
1647,192,67,782
1648,1124,19,876
1649,1360,36,137
1650,1712,61,285
1651,1262,97,974
1652,551,71,296
1653,635,62,642
1654,1539,47,903
1655,747,8,571
1656,67,91,941
1657,1588,31,406
1658,836,82,119
1659,1421,57,478
1660,23,23,481
1661,942,31,950
1662,472,55,822
1663,1043,35,117
1664,1437,79,612
1665,508,12,627
1666,982,12,244
1667,75,31,726
1668,1371,87,61
1669,929,39,499
1670,260,61,729
1671,1706,27,430
1672,1308,36,490
1673,326,92,843
1674,682,39,7
1675,1891,64,64
1676,195,85,685
1677,762,82,431
1678,65,58,582
1679,1236,17,54
1680,883,1,517
1681,580,68,736
1682,465,62,281
1683,1152,44,260
1684,682,49,336
1685,1296,88,717
1686,1425,38,783
1687,1517,95,766
1688,384,1,98
1689,295,76,123
1690,894,79,815
1691,1266,18,731
1692,1597,91,80
1693,1962,32,77
1694,972,9,464
1695,243,80,77
1696,1828,10,515
1697,626,26,502
1698,1807,47,315
1699,975,85,839
1700,1513,79,888
1701,58,47,376
1702,68,22,874
1703,697,11,156
1704,1720,85,444
1705,1610,89,99
1706,1390,83,126
1707,732,90,191
1708,1878,84,308
1709,220,50,815
1710,523,4,669
1711,1483,56,414
1712,771,48,854
1713,1925,78,278
1714,869,60,866
1715,938,36,120
1716,648,50,486
1717,601,55,44
1718,474,55,913
1719,714,66,255
1720,1315,25,453
1721,1324,21,368
1722,96,78,769
1723,389,75,678
1724,241,25,109
1725,214,53,664
1726,1229,24,618
1727,457,21,390
1728,1736,2,382
1729,698,86,463
1730,1853,25,746
1731,1216,66,341
1732,459,71,74
1733,1693,29,617
1734,1656,7,64
1735,1961,43,103
1736,929,99,800
1737,621,64,142
1738,329,41,28
1739,1612,97,42
1740,1183,90,758
1741,909,53,544
1742,1212,31,545
1743,570,48,187
1744,1703,51,161
1745,1860,79,390
1746,1987,18,457
1747,27,8,297
1748,428,23,112
1749,48,36,111
1750,1855,82,685
1751,813,89,95
1752,1085,32,94
1753,599,29,562
1754,451,93,823
1755,1363,97,46
1756,1499,65,115
1757,958,3,149
1758,1853,94,958
1759,844,55,494
1760,1006,81,950
1761,385,52,515
1762,1104,94,725
1763,915,53,573
1764,642,89,522
1765,788,35,445
1766,668,73,15
1767,1048,25,608
1768,1159,93,55
1769,125,41,430
1770,1316,81,970
1771,1696,47,315
1772,350,93,162
1773,1817,8,905
1774,842,66,443
1775,1683,6,538
1776,1847,67,205
1777,675,37,693
1778,584,70,697
1779,1901,3,292
1780,1097,39,921
1781,1299,88,517
1782,1491,81,994
1783,756,76,493
1784,1600,89,915
1785,1134,52,888
1786,253,38,472
1787,306,90,897
1788,1882,52,64
1789,812,49,693
1790,1675,29,172
1791,93,50,303
1792,259,65,41
1793,1877,66,294
1794,1006,5,405
1795,802,79,558
1796,101,71,896
1797,1001,17,872
1798,672,72,203
1799,1276,75,833
1800,482,60,15
1801,1339,100,514
1802,1200,18,329
1803,1612,64,211
1804,545,60,693
1805,84,48,649
1806,167,28,116
1807,421,64,409
1808,986,9,706
1809,553,72,258
1810,691,3,192
1811,230,26,584
1812,261,28,784
1813,576,11,368
1814,1463,35,873
1815,782,100,544
1816,1709,6,176
1817,838,9,328
1818,1754,86,550
1819,497,25,591
1820,1752,94,895
1821,689,21,891
1822,553,100,583
1823,1068,54,283
1824,834,93,12
1825,1568,62,877
1826,1908,66,323
1827,501,58,254
1828,449,6,754
1829,555,76,85
1830,881,96,911
1831,823,5,648
1832,1957,79,656
1833,243,99,261
1834,1970,11,20
1835,102,50,898
1836,1998,56,647
1837,781,72,179
1838,1746,33,514
1839,1455,52,372
1840,1126,83,455
1841,227,99,433
1842,1007,44,368
1843,1304,62,335
1844,532,31,560
1845,1283,18,783
1846,1572,93,872
1847,829,29,209
1848,493,51,135
1849,23,21,479
1850,1942,67,178
1851,1229,4,520
1852,1279,35,47
1853,62,44,817
1854,427,67,666
1855,1120,33,953
1856,506,24,300
1857,1851,73,829
1858,1634,93,213
1859,320,44,94
1860,1959,78,599
1861,745,63,465
1862,874,1,541
1863,62,59,729
1864,479,77,117
1865,754,17,406
1866,531,85,126
1867,1588,66,989
1868,24,87,578
1869,1031,28,657
1870,408,16,648
1871,1600,27,391
1872,1005,19,228
1873,1928,22,941
1874,930,15,40
1875,1561,96,668
1876,858,43,494
1877,1279,3,709
1878,1873,2,417
1879,647,3,607
1880,767,22,370
1881,1584,42,107
1882,1380,38,119
1883,137,39,474
1884,1993,96,153
1885,1913,72,478
1886,1394,37,158
1887,1806,33,134
1888,1597,26,197
1889,1740,95,599
1890,1574,94,705
1891,480,74,23
1892,558,66,173
1893,1854,47,120
1894,213,24,878
1895,1190,56,868
1896,163,25,673
1897,1652,93,306
1898,1651,99,777
1899,432,18,448
1900,856,69,608
1901,221,40,704
1902,1825,16,564
1903,1195,51,728
1904,682,92,842
1905,1749,47,864
1906,1700,88,700
1907,940,16,515
1908,1772,4,996
1909,1436,68,267
1910,1896,55,687
1911,917,51,216
1912,393,63,688
1913,1526,33,422
1914,401,75,30
1915,1026,77,247
1916,810,75,593
1917,1751,94,47
1918,896,31,619
1919,1386,73,736
1920,1297,86,362
1921,1820,29,535
1922,607,65,414
1923,1473,10,484
1924,605,11,829
1925,912,83,537
1926,969,70,475
1927,863,18,168
1928,1505,75,66
1929,223,11,980
1930,148,63,39
1931,1559,69,181
1932,325,34,982
1933,1599,88,426
1934,1133,67,158
1935,431,48,973
1936,1109,3,559
1937,1120,44,448
1938,1050,94,543
1939,218,1,442
1940,1358,7,102
1941,540,8,197
1942,329,39,676
1943,1601,22,558
1944,516,33,874
1945,1835,98,128
1946,85,78,369
1947,1626,9,758
1948,917,64,707
1949,1723,37,832
1950,1670,98,536
1951,1221,94,9
1952,1924,51,630
1953,1385,96,67
1954,130,20,965
1955,794,93,938
1956,1091,21,245
1957,879,84,342
1958,1830,1,860
1959,86,3,326
1960,1721,49,983
1961,464,64,232
1962,1076,80,576
1963,1588,86,673
1964,972,78,361
1965,1143,63,601
1966,1012,2,268
1967,709,82,783
1968,1629,56,241
1969,556,85,483
1970,58,31,86
1971,988,46,874
1972,1993,26,272
1973,155,66,429
1974,1770,21,796
1975,1830,67,109
1976,200,38,828
1977,1213,23,801
1978,151,8,611
1979,1185,24,590
1980,1604,77,221
1981,935,24,944
1982,1190,86,125
1983,519,27,249
1984,495,41,383
1985,116,91,348
1986,635,4,141
1987,1250,27,577
1988,853,10,634
1989,1056,62,526
1990,1493,8,125
1991,1806,34,573
1992,80,1,703
1993,1388,44,308
1994,742,54,328
1995,13,88,611
1996,1566,7,609
1997,732,52,287
1998,152,40,400
1999,1541,99,339
2000,1658,10,304
2001,1228,9,490
2002,1849,8,932
2003,914,73,481
2004,603,77,198
2005,868,37,721
2006,1098,98,95
2007,1457,66,504
2008,1496,53,446
2009,308,60,709
2010,709,97,624
2011,876,9,83
2012,1158,45,374
2013,86,56,828
2014,549,70,613
2015,1897,73,283
2016,361,25,177
2017,775,66,154
2018,1953,53,683
2019,425,1,616
2020,468,66,343
2021,228,21,309
2022,958,95,941
2023,1544,70,262
2024,760,70,856
2025,205,62,683
2026,1913,52,313
2027,823,48,26
2028,795,92,506
2029,1527,63,280
2030,1907,61,889
2031,658,71,907
2032,507,63,811
2033,175,28,529
2034,655,99,762
2035,1695,23,380
2036,1695,57,152
2037,99,28,953
2038,336,21,184
2039,1831,1,688
2040,1325,55,419
2041,1554,19,516
2042,762,96,889
2043,1579,66,35
2044,277,46,832
2045,1678,55,904
2046,755,70,543
2047,99,62,142
2048,673,20,107
2049,1056,96,123
2050,523,61,914
2051,957,11,931
2052,300,9,636
2053,882,75,470
2054,807,82,211
2055,260,47,332
2056,281,98,572
2057,797,70,368
2058,1654,85,535
2059,730,41,520
2060,295,38,408
2061,858,29,694
2062,1342,85,562
2063,627,49,812
2064,654,10,190
2065,701,14,23
2066,1627,67,469
2067,1724,9,486
2068,1887,99,585
2069,1828,6,41
2070,1539,55,746
2071,175,60,98
2072,273,36,787
2073,1422,92,843
2074,742,47,451
2075,659,31,356
2076,1319,88,1000
2077,1820,82,39
2078,1073,23,517
2079,1121,61,864
2080,690,85,164
2081,673,93,965
2082,1342,44,554
2083,258,11,649
2084,860,4,104
2085,160,63,713
2086,410,61,391
2087,758,84,40
2088,1189,82,104
2089,1542,9,463
2090,142,32,24
2091,1887,72,206
2092,97,75,154
2093,1151,85,807
2094,539,64,659
2095,464,95,607
2096,604,93,967
2097,1558,39,823
2098,1328,50,537
2099,895,45,598
2100,861,96,4
2101,711,65,670
2102,1889,14,529
2103,1251,37,291
2104,1952,96,605
2105,83,97,354
2106,200,83,326
2107,1611,65,693
2108,1058,82,780
2109,807,57,981
2110,932,90,559
2111,253,37,869
2112,224,78,702
2113,1906,97,542
2114,1962,23,557
2115,1714,78,787
2116,1457,65,87
2117,1359,1,5
2118,976,42,273
2119,931,37,710
2120,479,29,289
2121,819,96,84
2122,498,5,158
2123,361,49,611
2124,552,31,64
2125,1154,84,560
2126,1137,70,27
2127,1914,76,210
2128,1601,33,685
2129,625,34,773
2130,32,14,138
2131,1656,10,744
2132,845,85,727
2133,1469,61,306
2134,1310,37,207
2135,331,16,648
2136,1103,47,349
2137,957,62,554
2138,937,10,30
2139,1839,66,444
2140,1804,40,209
2141,897,7,528
2142,295,18,27
2143,883,10,164
2144,1335,80,849
2145,1402,9,846
2146,550,39,57
2147,1159,77,268
2148,116,63,433
2149,1133,3,355
2150,1095,100,955
2151,1719,64,461
2152,1461,42,975
2153,1351,58,237
2154,1208,26,174
2155,268,34,196
2156,741,7,128
2157,624,83,860
2158,221,35,451
2159,1638,2,216
2160,825,10,386
2161,780,95,659
2162,231,26,529
2163,1938,97,689
2164,1515,3,171
2165,918,37,846
2166,1251,50,28
2167,196,13,603
2168,1187,27,203
2169,443,84,936
2170,614,47,719
2171,1769,71,17
2172,1762,23,871
2173,1221,85,555
2174,941,40,412
2175,1477,60,522
2176,1922,23,531
2177,4,31,331
2178,95,59,548
2179,856,86,16
2180,1822,96,225
2181,564,35,129
2182,941,86,570
2183,1349,24,711
2184,670,78,754
2185,257,57,673
2186,1397,48,446
2187,1798,54,737
2188,1310,82,593
2189,152,94,339
2190,552,63,858
2191,294,18,378
2192,221,71,608
2193,1138,65,322
2194,631,31,854
2195,1108,82,827
2196,1632,17,550
2197,938,98,276
2198,1487,92,540
2199,998,42,398
2200,1514,21,594
2201,1354,72,359
2202,1755,28,646
2203,452,73,582
2204,75,44,42
2205,1809,49,488
2206,969,100,330
2207,90,86,918
2208,1638,54,348
2209,377,98,210
2210,986,23,855
2211,1121,64,452
2212,1227,78,272
2213,1790,91,127
2214,1253,36,494
2215,1585,85,943
2216,289,89,204
2217,1260,43,98
2218,378,22,265
2219,1128,5,980
2220,788,16,313
2221,440,6,543
2222,223,100,276
2223,1087,93,340
2224,1603,81,617
2225,1596,84,816
2226,1817,80,974
2227,334,94,889
2228,813,77,530
2229,1752,76,133
2230,1193,30,918
2231,1083,70,178
2232,1675,76,195
2233,1191,14,924
2234,522,59,10
2235,571,33,532
2236,872,17,15
2237,861,38,315
2238,1354,49,758
2239,1112,96,289
2240,124,40,364
2241,527,67,975
2242,416,54,964
2243,17,73,664
2244,1390,30,730
2245,1535,72,795
2246,1014,88,398
2247,1802,35,451
2248,1579,22,993
2249,236,70,502
2250,290,32,262
2251,359,86,77
2252,1780,82,102
2253,1563,69,557
2254,129,16,71
2255,1851,96,200
2256,481,36,771
2257,1044,27,349
2258,30,36,358
2259,992,38,361
2260,923,62,637
2261,1167,60,43
2262,981,77,442
2263,805,31,810
2264,1447,26,282
2265,625,28,314
2266,1204,37,168
2267,1432,21,148
2268,179,57,48
2269,230,22,500
2270,395,82,46
2271,573,12,442
2272,285,84,296
2273,886,83,830
2274,1921,78,821
2275,1899,86,944
2276,892,60,695
2277,380,13,76
2278,1102,8,176
2279,1146,72,729
2280,57,11,152
2281,1731,90,311
2282,995,49,46
2283,274,73,918
2284,1477,26,200
2285,521,61,827
2286,276,94,549
2287,835,36,757
2288,1000,61,978
2289,524,88,324
2290,1541,67,795
2291,846,72,419
2292,1032,78,658
2293,868,80,107
2294,455,54,303
2295,1101,84,502
2296,472,14,841
2297,1632,15,557
2298,99,82,650
2299,441,69,985
2300,1830,11,709
2301,104,69,602
2302,862,78,143
2303,648,92,924
2304,1959,71,895
2305,646,92,895
2306,1274,80,145
2307,891,95,700
2308,1946,35,984
2309,960,72,565
2310,1801,56,392
2311,84,44,63
2312,1400,21,100
2313,1989,61,46
2314,285,41,424
2315,259,82,577
2316,1377,95,947
2317,1435,64,47
2318,858,91,77
2319,1342,58,851
2320,31,74,758
2321,22,84,236
2322,433,73,698
2323,813,71,22
2324,1182,60,712
2325,1173,45,250
2326,57,15,613
2327,80,41,911
2328,634,48,121
2329,1953,60,575
2330,1370,3,791
2331,1398,45,348
2332,956,47,637
2333,987,85,72
2334,32,30,289
2335,1401,49,133
2336,1263,53,833
2337,476,41,714
2338,907,33,307
2339,1382,31,601
2340,971,32,978
2341,1262,98,636
2342,1563,28,255
2343,1808,96,195
2344,1697,91,927
2345,17,96,86
2346,414,57,478
2347,713,59,15
2348,1785,93,36
2349,1073,31,642
2350,1622,82,960
2351,1125,51,558
2352,570,65,950
2353,408,5,959
2354,601,79,151
2355,273,4,225
2356,1780,21,329
2357,660,34,25
2358,1696,72,753
2359,1832,36,343
2360,969,31,772
2361,1560,18,603
2362,800,48,963
2363,1878,67,83
2364,141,37,637
2365,792,18,19
2366,77,58,131
2367,1249,49,226
2368,808,93,330
2369,297,74,396
2370,1252,92,303
2371,1595,67,788
2372,108,15,176
2373,152,40,713
2374,1302,78,780
2375,1789,94,991
2376,1150,52,659
2377,219,74,384
2378,514,92,263
2379,383,100,381
2380,1203,82,965
2381,228,56,525
2382,1047,5,954
2383,1261,57,424
2384,1837,22,925
2385,1664,59,445
2386,1213,60,877
2387,1907,76,791
2388,626,47,765
2389,652,55,637
2390,1083,97,209
2391,1583,43,382
2392,1385,80,833
2393,1462,73,857
2394,69,18,335
2395,442,62,267
2396,544,67,219
2397,1959,31,546
2398,448,46,299
2399,1868,60,660
2400,1014,9,944
2401,386,71,449
2402,1040,51,750
2403,1681,41,84
2404,1259,37,779
2405,1025,92,76
2406,689,68,116
2407,337,98,411
2408,429,95,752
2409,5,77,22
2410,875,73,973
2411,447,74,570
2412,121,56,134
2413,134,66,115
2414,1349,86,393
2415,696,17,843
2416,1780,100,572
2417,856,94,964
2418,165,48,101
2419,1631,47,863
2420,1658,73,906
2421,866,84,452
2422,296,6,8
2423,357,88,253
2424,251,49,348
2425,729,65,544
2426,1786,29,670
2427,1439,53,892
2428,1542,30,574
2429,59,82,475
2430,1614,76,492
2431,1368,65,413
2432,285,92,659
2433,1617,67,456
2434,984,82,202
2435,792,26,116
2436,54,59,232
2437,1647,18,233
2438,1700,75,436
2439,272,33,645
2440,1759,61,868
2441,1518,89,356
2442,225,24,647
2443,1010,40,606
2444,1799,83,98
2445,1138,73,995
2446,1056,44,129
2447,30,16,779
2448,1529,17,607
2449,1111,97,740
2450,423,6,619
2451,156,85,929
2452,1519,34,141
2453,1825,31,809
2454,107,14,731
2455,1250,89,9
2456,1170,21,11
2457,955,72,993
2458,899,50,674
2459,1134,24,182
2460,1089,7,807
2461,809,27,90
2462,194,90,367
2463,463,13,570
2464,1300,89,302
2465,1016,7,65
2466,1162,3,788
2467,1137,67,47
2468,1149,63,588
2469,1035,54,834
2470,1402,30,542
2471,1871,76,516
2472,1178,5,165
2473,1500,20,551
2474,704,34,104
2475,1205,48,538
2476,1651,53,679
2477,1031,8,648
2478,194,34,540
2479,1070,49,567
2480,1953,7,35
2481,193,31,705
2482,1184,92,5
2483,1163,27,227
2484,739,87,28
2485,1366,31,320
2486,640,17,328
2487,405,10,700
2488,769,87,906
2489,1123,53,447
2490,1879,79,99
2491,1252,34,996
2492,1044,77,122
2493,1905,74,493
2494,1438,81,320
2495,1445,34,57
2496,363,7,876
2497,472,50,865
2498,1351,7,993
2499,425,33,432
2500,894,34,263
2501,551,25,377
2502,1321,36,648
2503,309,93,372
2504,1099,31,276
2505,1014,68,375
2506,632,72,393
2507,910,99,991
2508,929,21,452
2509,987,79,503
2510,779,61,752
2511,1939,24,585
2512,233,66,694
2513,1042,30,375
2514,1852,24,972
2515,36,27,812
2516,333,38,305
2517,1067,74,963
2518,1340,24,747
2519,1212,19,134
2520,2000,97,657
2521,1410,76,813
2522,1055,17,798
2523,1055,44,618
2524,217,27,814
2525,461,84,546
2526,1196,45,360
2527,1063,57,834
2528,1672,90,109
2529,1997,82,236
2530,33,60,115
2531,1341,87,161
2532,687,4,794
2533,1874,4,566
2534,928,17,209
2535,1165,2,795
2536,1904,37,184
2537,1363,11,462
2538,393,77,292
2539,84,63,648
2540,1417,30,463
2541,749,58,929
2542,1494,18,246
2543,1616,24,153
2544,1111,7,597
2545,836,6,305
2546,233,44,173
2547,1799,37,966
2548,1964,96,736
2549,369,15,838
2550,1580,44,655
2551,1035,5,641
2552,398,21,158
2553,1370,29,557
2554,154,33,38
2555,6,21,969
2556,1282,10,56
2557,29,85,860
2558,1769,11,317
2559,905,2,815
2560,713,60,493
2561,472,15,166
2562,1529,99,570
2563,1124,87,260
2564,98,44,533
2565,984,45,165
2566,53,60,919
2567,1011,5,521
2568,500,73,596
2569,62,60,607
2570,868,98,731
2571,1423,26,621
2572,108,83,66
2573,441,59,731
2574,1357,62,964
2575,1641,12,900
2576,688,77,280
2577,1744,16,18
2578,394,19,178
2579,1934,39,375
2580,409,1,908
2581,1884,70,720
2582,1733,36,20
2583,583,46,910
2584,1435,15,914
2585,1278,70,373
2586,976,26,232
2587,44,5,594
2588,1554,67,979
2589,861,6,746
2590,1508,61,653
2591,1087,4,906
2592,168,84,778
2593,633,43,768
2594,94,67,599
2595,591,69,623
2596,1271,68,510
2597,194,2,715
2598,825,94,98
2599,1368,91,232
2600,787,79,230
2601,801,14,727
2602,697,86,94
2603,1622,3,657
2604,1053,40,842
2605,103,28,923
2606,1389,3,222
2607,45,2,577
2608,1355,81,454
2609,769,55,761
2610,1186,91,245
2611,1381,21,61
2612,449,41,547
2613,1738,49,55
2614,14,100,912
2615,1653,69,321
2616,930,97,73
2617,648,10,197
2618,50,9,587
2619,191,76,772
2620,610,91,787
2621,1375,87,651
2622,524,67,49
2623,1992,82,178
2624,1775,95,852
2625,719,39,124
2626,1008,50,11
2627,872,33,408
2628,428,52,62
2629,1064,11,250
2630,422,62,421
2631,418,2,207
2632,1065,24,935
2633,963,42,646
2634,795,82,460
2635,508,20,624
2636,1484,15,956
2637,1527,37,48
2638,58,84,478
2639,821,67,486
2640,1425,81,144
2641,1485,87,329
2642,540,38,721
2643,1576,48,720
2644,1286,62,340
2645,1317,76,982
2646,859,38,445
2647,1910,38,194
2648,1257,21,438
2649,1260,61,731
2650,1387,2,321
2651,639,21,693
2652,1000,6,285
2653,1476,61,200
2654,544,35,441
2655,755,26,516
2656,1423,74,155
2657,952,71,819
2658,1800,48,6
2659,1170,33,89
2660,1097,15,691
2661,1694,27,901
2662,982,96,38
2663,818,36,400
2664,1502,68,343
2665,16,10,29
2666,961,1,107
2667,790,10,749
2668,1063,76,8
2669,1365,22,531
2670,1704,59,500
2671,757,74,743
2672,776,34,154
2673,1479,46,654
2674,849,30,300
2675,520,67,7
2676,1243,3,851
2677,109,53,126
2678,1790,43,139
2679,1072,92,891
2680,1921,91,97
2681,821,39,210
2682,1944,79,584
2683,401,32,911
2684,455,21,905
2685,1969,94,525
2686,1439,94,671
2687,1581,37,945
2688,1507,9,813
2689,1585,54,618
2690,1740,40,90
2691,333,49,517
2692,260,36,857
2693,752,15,707
2694,647,53,299
2695,785,10,435
2696,686,4,41
2697,1118,27,828
2698,1304,74,7
2699,1731,90,908
2700,129,87,368
2701,1854,63,273
2702,694,83,111
2703,1846,20,838
2704,1566,7,152
2705,89,44,746
2706,1520,57,630
2707,322,97,372
2708,1246,17,842
2709,1475,8,28
2710,888,34,657
2711,1858,30,128
2712,569,29,370
2713,968,83,817
2714,1505,89,377
2715,1283,73,197
2716,671,3,229
2717,360,70,622
2718,1063,97,789
2719,1939,97,225
2720,365,7,855
2721,954,36,594
2722,182,38,500
2723,1115,22,819
2724,1820,11,461
2725,473,59,382
2726,1204,49,21
2727,1021,75,317
2728,110,30,118
2729,1269,65,813
2730,373,53,164
2731,237,81,183
2732,1988,95,946
2733,658,38,722
2734,1186,7,495
2735,1065,36,373
2736,1911,30,839
2737,310,44,374
2738,1623,63,990
2739,717,33,407
2740,661,21,178
2741,666,42,906
2742,112,58,760
2743,1249,2,194
2744,954,92,396
2745,450,15,283
2746,472,92,319
2747,990,43,317
2748,770,11,754
2749,1446,75,955
2750,1299,96,302
2751,171,74,554
2752,688,59,976
2753,1723,1,324
2754,203,19,240
2755,301,89,667
2756,1007,4,45
2757,514,4,865
2758,284,5,119
2759,1513,52,354
2760,1596,36,418
2761,1905,33,52
2762,314,42,523
2763,1254,38,742
2764,1868,48,112
2765,1717,41,511
2766,1711,44,447
2767,1034,26,935
2768,1198,41,400
2769,729,34,239
2770,917,7,520
2771,1588,92,274
2772,1278,29,979
2773,492,47,383
2774,1738,51,189
2775,595,62,242
2776,1424,70,382
2777,183,83,694
2778,1024,33,905
2779,1399,97,595
2780,371,2,471
2781,1530,17,235
2782,484,72,804
2783,1059,46,806
2784,1641,78,334
2785,192,52,426
2786,1213,62,676
2787,1477,64,392
2788,1012,77,429
2789,383,12,579
2790,1641,99,895
2791,750,87,113
2792,1855,41,176
2793,1308,75,984
2794,431,49,203
2795,304,52,26
2796,1218,7,503
2797,1454,56,849
2798,1066,37,395
2799,123,33,527
2800,926,61,130
2801,1432,25,522
2802,588,22,839
2803,1702,12,998
2804,1341,7,190
2805,390,65,266
2806,1430,10,704
2807,1417,1,598
2808,540,41,344
2809,1405,63,723
2810,1936,65,393
2811,191,55,536
2812,1660,58,858
2813,806,97,603
2814,31,59,815
2815,1812,91,301
2816,1574,90,73
2817,1034,66,137
2818,727,20,492
2819,937,28,986
2820,225,100,894
2821,1036,14,577
2822,1130,25,672
2823,286,6,102
2824,1956,88,344
2825,1234,97,353
2826,270,75,483
2827,927,11,822
2828,1591,83,796
2829,817,63,109
2830,1096,64,116
2831,1058,23,352
2832,428,65,564
2833,1517,68,211
2834,1818,90,334
2835,1095,3,309
2836,755,74,237
2837,1758,76,766
2838,827,68,691
2839,1357,54,542
2840,700,9,556
2841,182,54,821
2842,1786,26,910
2843,303,64,263
2844,1082,26,188
2845,914,95,517
2846,737,77,38
2847,1532,41,337
2848,520,28,541
2849,1280,93,892
2850,25,65,114
2851,1634,66,181
2852,1395,19,830
2853,160,7,809
2854,694,73,176
2855,1718,49,999
2856,724,52,522
2857,1605,68,13
2858,748,23,552
2859,256,75,513
2860,134,40,269
2861,1994,3,147
2862,1812,72,286
2863,452,7,483
2864,734,58,490
2865,17,100,701
2866,314,78,727
2867,571,93,180
2868,1548,76,687
2869,525,42,589
2870,1563,44,973
2871,1112,67,733
2872,814,76,770
2873,1370,34,398
2874,356,94,213
2875,1080,29,170
2876,1859,91,365
2877,1037,35,237
2878,534,95,426
2879,513,36,521
2880,1108,44,888
2881,808,51,596
2882,1966,64,186
2883,56,53,450
2884,1945,85,928
2885,1856,50,37
2886,1043,35,11
2887,165,51,677
2888,1180,29,292
2889,1395,46,424
2890,1831,89,915
2891,1140,61,982
2892,423,10,701
2893,674,2,92
2894,1900,91,439
2895,1360,59,685
2896,307,33,56
2897,1477,78,784
2898,900,9,807
2899,104,56,561
2900,1939,41,926
2901,1256,92,381
2902,1172,23,121
2903,307,21,929
2904,143,35,612
2905,518,80,727
2906,1230,86,379
2907,479,11,130
2908,1606,78,529
2909,804,100,480
2910,1163,38,322
2911,220,88,951
2912,1486,21,662
2913,47,32,553
2914,1243,33,310
2915,870,98,966
2916,742,6,404
2917,2000,28,67
2918,387,76,773
2919,388,77,783
2920,1874,9,404
2921,642,65,273
2922,810,81,217
2923,852,10,926
2924,810,87,509
2925,280,35,490
2926,278,43,144
2927,1614,57,802
2928,478,73,504
2929,1197,56,855
2930,465,11,552
2931,201,94,874
2932,1539,71,598
2933,1099,54,677
2934,569,27,360
2935,1399,43,131
2936,1520,45,969
2937,1816,36,428
2938,915,100,330
2939,276,87,11
2940,1862,2,157
2941,85,79,428
2942,1963,41,85
2943,53,7,939
2944,1978,56,517
2945,1127,68,804
2946,558,39,338
2947,1590,34,938
2948,1937,28,671
2949,1768,84,622
2950,647,3,919
2951,1649,39,886
2952,477,2,637
2953,548,73,349
2954,1088,99,350
2955,189,92,162
2956,1672,41,23
2957,1575,66,715
2958,1416,93,337
2959,1024,53,946
2960,1423,44,43
2961,839,99,499
2962,1763,28,331
2963,1205,50,507
2964,672,18,732
2965,370,1,741
2966,945,61,463
2967,916,81,1
2968,1293,97,344
2969,1972,31,179
2970,1584,8,733
2971,1433,41,816
2972,1804,52,769
2973,163,5,842
2974,317,17,812
2975,176,9,258
2976,638,38,26
2977,703,83,722
2978,1472,48,571
2979,28,37,861
2980,1710,93,235
2981,828,39,762
2982,159,77,312
2983,192,45,41
2984,260,28,940
2985,1010,25,480
2986,450,74,16
2987,31,36,646
2988,985,77,541
2989,384,15,361
2990,164,10,600
2991,1758,72,323
2992,1845,54,204
2993,1175,54,921
2994,1782,53,695
2995,279,61,247
2996,1951,36,858
2997,1575,43,867
2998,1034,10,476
2999,1883,47,386
3000,1873,53,393
3001,1800,88,575
3002,1494,25,25
3003,705,4,519
3004,652,51,792
3005,299,53,965
3006,1564,98,593
3007,914,69,162
3008,1316,60,360
3009,635,38,190
3010,1064,8,769
3011,1732,34,149
3012,769,49,688
3013,1304,5,619
3014,1259,95,168
3015,50,58,164
3016,752,33,166
3017,722,92,393
3018,283,21,863
3019,154,37,89
3020,491,62,827
3021,1281,7,818
3022,312,11,620
3023,798,79,915
3024,697,78,381
3025,1081,28,292
3026,24,67,632
3027,443,21,888
3028,651,30,21
3029,1332,79,620
3030,236,69,737
3031,1746,11,361
3032,1005,21,152
3033,1738,5,253
3034,1733,81,519
3035,1829,9,996
3036,151,69,88
3037,1314,24,31
3038,438,100,169
3039,558,13,135
3040,1433,34,395
3041,1460,58,167
3042,1015,42,433
3043,961,53,334
3044,761,30,729
3045,803,10,995
3046,1438,87,428
3047,1648,74,450
3048,1115,20,65
3049,857,95,396
3050,107,41,640
3051,387,100,851
3052,837,69,684
3053,592,2,451
3054,1105,46,482
3055,1361,34,479
3056,1440,99,742
3057,163,78,284
3058,67,98,437
3059,657,84,359
3060,1763,15,236
3061,102,48,328
3062,1436,81,680
3063,1032,68,52
3064,521,67,537
3065,1986,93,729
3066,630,79,667
3067,670,10,539
3068,1292,75,580
3069,1164,74,54
3070,555,49,240
3071,1208,90,337
3072,1239,94,759
3073,554,12,669
3074,756,67,486
3075,460,77,923
3076,1700,92,148
3077,1766,69,516
3078,325,17,601
3079,98,91,458
3080,1124,35,176
3081,567,33,463
3082,1092,31,289
3083,1004,60,695
3084,1986,51,833
3085,666,52,43
3086,927,34,979
3087,1535,76,850
3088,104,47,849
3089,1293,30,398
3090,231,91,654
3091,1551,82,360
3092,633,81,237
3093,957,36,133
3094,859,81,68
3095,975,57,891
3096,1850,9,828
3097,1439,32,876
3098,614,96,289
3099,1250,5,353
3100,1698,20,3
3101,1413,91,923
3102,662,36,246
3103,303,4,84
3104,625,69,562
3105,378,83,8
3106,864,34,997
3107,1129,4,784
3108,1601,77,986
3109,549,22,69
3110,412,7,331
3111,1274,74,337
3112,1451,3,276
3113,737,48,529
3114,1110,2,629
3115,1401,87,8
3116,836,77,355
3117,1999,52,609
3118,78,44,996
3119,1619,19,500
3120,561,12,304
3121,1999,9,936
3122,421,34,962
3123,607,59,298
3124,1591,89,642
3125,1498,59,405
3126,1867,22,352
3127,835,10,42
3128,18,16,33
3129,754,28,103
3130,1013,75,351
3131,1233,30,78
3132,658,54,597
3133,1334,11,421
3134,1935,82,277
3135,662,88,245
3136,1697,57,92
3137,1988,98,671
3138,639,34,429
3139,458,84,175
3140,748,5,641
3141,1523,23,970
3142,1153,3,98
3143,54,7,457
3144,607,17,300
3145,523,40,805
3146,369,72,418
3147,1137,64,697
3148,877,19,71
3149,1491,8,17
3150,9,45,91
3151,1673,72,163
3152,637,3,147
3153,1126,1,278
3154,1978,4,123
3155,1030,41,730
3156,1667,35,38
3157,1319,86,979
3158,143,18,367
3159,944,20,977
3160,175,59,521
3161,1076,50,513
3162,535,80,241
3163,362,84,623
3164,45,50,699
3165,1603,52,847
3166,253,27,190
3167,1009,13,815
3168,1378,67,324
3169,1186,90,887
3170,106,9,345
3171,1052,9,225
3172,588,47,578
3173,397,64,492
3174,507,21,643
3175,786,76,550
3176,1393,8,692
3177,1668,1,317
3178,172,87,230
3179,198,80,77
3180,1892,12,115
3181,1696,87,512
3182,30,86,808
3183,1653,42,374
3184,700,7,248
3185,1060,12,794
3186,282,23,197
3187,1332,50,19
3188,637,3,492
3189,1360,56,714
3190,1989,40,822
3191,1995,42,544
3192,1840,72,342
3193,789,57,383
3194,1551,19,776
3195,1842,79,45
3196,1343,37,331
3197,341,12,274
3198,1659,20,829
3199,733,60,623
3200,1245,57,204
3201,1466,63,494
3202,809,25,449
3203,1088,78,431
3204,1731,8,200
3205,1782,80,81
3206,1808,29,619
3207,371,10,923
3208,121,30,724
3209,645,85,868
3210,1384,32,62
3211,1090,59,784
3212,1912,78,651
3213,345,64,447
3214,1649,94,691
3215,802,73,329
3216,237,21,681
3217,162,7,331
3218,922,6,576
3219,455,33,461
3220,340,81,609
3221,1525,4,952
3222,931,66,332
3223,1450,68,672
3224,255,96,943
3225,1651,56,490
3226,1880,49,309
3227,747,74,291
3228,1656,35,849
3229,329,74,899
3230,1783,85,475
3231,532,44,119
3232,1325,88,24
3233,1346,16,547
3234,1540,59,616
3235,111,8,796
3236,1296,61,171
3237,388,23,280
3238,850,64,380
3239,1515,96,14
3240,1907,64,733
3241,434,68,887
3242,1319,66,324
3243,1013,59,8
3244,1455,70,461
3245,1912,34,743
3246,1743,32,849
3247,948,69,966
3248,71,91,933
3249,1877,6,328
3250,288,27,884
3251,1853,88,392
3252,1145,48,682
3253,724,7,89
3254,1410,79,986
3255,1781,53,622
3256,511,2,145
3257,1405,76,555
3258,765,11,385
3259,1387,11,109
3260,1683,90,279
3261,754,23,379
3262,1018,93,927
3263,566,99,287
3264,1648,46,492
3265,718,79,211
3266,194,53,552
3267,1170,100,327
3268,1401,64,400
3269,450,53,749
3270,412,3,820
3271,1332,28,610
3272,1014,58,792
3273,372,70,180
3274,1397,59,197
3275,1173,18,41
3276,690,39,758
3277,520,32,470
3278,280,61,902
3279,1755,55,115
3280,1774,77,789
3281,1031,81,902
3282,926,34,213
3283,1003,32,642
3284,395,36,782
3285,352,94,679
3286,473,20,743
3287,1904,61,595
3288,1740,44,635
3289,137,49,470
3290,105,32,64
3291,725,88,285
3292,978,53,831
3293,998,36,639
3294,1756,20,403
3295,814,7,669
3296,201,16,1000
3297,970,89,785
3298,737,71,418
3299,1861,31,162
3300,785,59,855
3301,741,41,217
3302,1506,27,577
3303,293,64,866
3304,1914,43,454
3305,199,42,228
3306,1805,72,303
3307,84,23,807
3308,1799,12,399
3309,227,64,469
3310,1033,69,510
3311,771,28,894
3312,399,69,5
3313,1151,73,689
3314,746,41,793
3315,1175,28,698
3316,351,84,643
3317,1503,78,808
3318,1229,74,521
3319,408,52,135
3320,239,24,338
3321,1679,90,263
3322,713,33,515
3323,1722,94,788
3324,385,9,222
3325,904,65,498
3326,1043,30,320
3327,1834,51,285
3328,1749,92,899
3329,1197,58,466
3330,368,71,972
3331,714,25,714
3332,1609,77,499
3333,766,66,970
3334,1248,89,311
3335,920,35,251
3336,726,35,337
3337,409,75,778
3338,995,54,847
3339,990,96,162
3340,1708,73,267
3341,1721,35,697
3342,817,26,246
3343,923,19,529
3344,556,76,22
3345,937,2,189
3346,677,72,243
3347,611,21,538
3348,429,84,664
3349,663,52,756
3350,241,63,175
3351,1237,79,156
3352,1292,52,331
3353,231,84,686
3354,934,91,611
3355,1315,13,258
3356,719,60,160
3357,1381,70,371
3358,420,49,327
3359,288,34,484
3360,78,93,963
3361,72,95,782
3362,981,97,779
3363,1464,80,690
3364,1717,38,468
3365,1851,3,723
3366,1510,67,327
3367,1525,13,379
3368,1548,47,690
3369,1839,9,115
3370,810,20,329
3371,693,23,276
3372,878,9,59
3373,1204,61,262
3374,377,30,989
3375,50,43,625
3376,191,13,53
3377,301,19,877
3378,1527,66,666
3379,885,70,586
3380,1045,50,526
3381,1567,91,34
3382,405,18,298
3383,1535,53,30
3384,1524,16,650
3385,652,74,434
3386,1759,59,117
3387,1762,9,275
3388,206,17,15
3389,938,30,546
3390,385,5,965
3391,472,57,441
3392,1046,78,123
3393,669,17,283
3394,1389,100,156
3395,941,98,314
3396,289,58,615
3397,613,76,567
3398,1081,95,542
3399,1860,86,630
3400,1923,17,620
3401,191,63,436
3402,1042,97,739
3403,145,9,968
3404,712,58,446
3405,1177,20,497
3406,439,100,361
3407,508,92,409
3408,820,43,478
3409,1313,2,586
3410,1247,59,535
3411,1851,15,229
3412,890,97,714
3413,299,63,445
3414,871,32,268
3415,1880,65,814
3416,780,54,87
3417,1500,7,751
3418,789,47,934
3419,1387,28,566
3420,1605,100,315
3421,988,63,131
3422,1071,83,946
3423,1284,25,472
3424,1947,12,262
3425,1273,26,383
3426,303,27,54
3427,664,25,412
3428,911,36,454
3429,1623,60,245
3430,1237,14,59
3431,942,25,852
3432,1690,56,413
3433,272,97,965
3434,300,29,772
3435,1716,41,835
3436,742,3,755
3437,1350,10,999
3438,976,21,820
3439,547,66,1
3440,1564,62,759
3441,199,39,850
3442,944,27,614
3443,15,63,448
3444,637,31,99
3445,1856,50,825
3446,436,1,430
3447,1126,34,7
3448,357,65,852
3449,816,35,163
3450,812,100,287
3451,1373,51,326
3452,1679,91,309
3453,193,98,322
3454,1153,52,592
3455,1577,7,458
3456,351,94,500
3457,1419,84,918
3458,1710,49,477
3459,1149,44,608
3460,502,30,603
3461,258,54,381
3462,1256,45,184
3463,793,68,433
3464,1924,34,557
3465,1349,93,572
3466,1050,26,617
3467,349,38,565
3468,1944,2,585
3469,547,39,354
3470,558,87,847
3471,502,41,484
3472,1719,3,907
3473,240,10,254
3474,1038,89,451
3475,1042,90,157
3476,1765,26,818
3477,1546,72,862
3478,71,73,374
3479,381,52,897
3480,578,98,700
3481,382,79,962
3482,28,24,617
3483,277,39,268
3484,1298,15,167
3485,370,67,995
3486,1857,1,665
3487,1889,75,347
3488,95,44,804
3489,856,26,418
3490,1275,77,413
3491,1566,29,690
3492,619,23,157
3493,934,12,515
3494,46,55,556
3495,1327,81,29
3496,1230,12,805
3497,1554,98,409
3498,1588,58,183
3499,704,98,398
3500,277,13,761
3501,36,71,710
3502,961,61,443
3503,11,27,435
3504,1617,41,824
3505,845,66,150
3506,1510,37,882
3507,1743,75,983
3508,1686,12,755
3509,506,32,426
3510,412,5,488
3511,1496,64,449
3512,1035,39,267
3513,507,48,91
3514,1581,79,138
3515,1930,46,763
3516,343,53,509
3517,565,89,771
3518,974,63,365
3519,531,58,597
3520,840,85,320
3521,1981,14,617
3522,1244,80,888
3523,1239,69,80
3524,667,20,801
3525,112,59,699
3526,1986,46,418
3527,363,69,940
3528,1443,23,310
3529,1855,99,802
3530,781,54,797
3531,1630,33,882
3532,1673,58,997
3533,1336,69,644
3534,774,20,401
3535,449,23,105
3536,1392,29,894
3537,1100,40,197
3538,1566,42,465
3539,1352,78,832
3540,1761,48,354
3541,1356,92,27
3542,932,91,197
3543,419,52,804
3544,1405,33,322
3545,907,8,500
3546,1847,65,540
3547,1143,5,651
3548,336,70,974
3549,1127,78,39
3550,954,26,666
3551,301,32,237
3552,360,46,126
3553,537,35,351
3554,1433,83,446
3555,878,95,319
3556,1715,88,790
3557,982,25,85
3558,364,4,934
3559,616,95,557
3560,1539,52,22
3561,594,35,866
3562,472,58,943
3563,1572,94,611
3564,1802,23,68
3565,299,86,823
3566,443,26,949
3567,865,51,330
3568,1155,33,434
3569,735,35,823
3570,483,3,242
3571,803,29,470
3572,828,44,632
3573,1490,73,484
3574,20,71,788
3575,1498,56,995
3576,209,27,581
3577,434,52,444
3578,1557,2,987
3579,782,53,443
3580,89,41,49
3581,368,67,571
3582,872,95,46
3583,678,14,796
3584,1342,19,552
3585,1569,11,665
3586,1833,59,63
3587,1494,50,534
3588,334,69,783
3589,880,43,833
3590,1617,20,765
3591,1317,75,177
3592,502,92,437
3593,679,36,521
3594,1310,12,505
3595,1226,71,305
3596,1779,21,330
3597,1916,18,985
3598,1091,9,333
3599,294,69,927
3600,1341,89,452
3601,1600,30,423
3602,1697,67,936
3603,977,98,434
3604,265,49,992
3605,1101,43,774
3606,1095,33,325
3607,781,1,522
3608,28,65,559
3609,920,97,688
3610,1035,42,622
3611,1993,86,44
3612,1735,80,520
3613,878,85,934
3614,1834,30,194
3615,739,19,269
3616,143,8,893
3617,1337,3,670
3618,1510,57,641
3619,943,28,47
3620,189,78,153
3621,1333,82,796
3622,761,86,770
3623,728,90,86
3624,1258,51,559
3625,1824,65,342
3626,243,56,543
3627,1631,52,650
3628,1798,96,365
3629,1265,48,565
3630,1871,95,11
3631,644,2,728
3632,926,44,718
3633,228,5,26
3634,530,13,816
3635,979,84,85
3636,1521,23,129
3637,902,28,237
3638,460,8,937
3639,1731,25,893
3640,1355,78,696
3641,591,29,604
3642,792,4,334
3643,858,10,320
3644,1318,91,219
3645,861,11,632
3646,859,77,99
3647,83,94,902
3648,1646,38,368
3649,918,39,788
3650,846,99,785
3651,464,93,100
3652,996,27,322
3653,832,70,95
3654,1729,6,512
3655,1161,28,818
3656,1193,62,188
3657,1530,89,131
3658,1588,45,589
3659,83,98,72
3660,607,27,980
3661,239,68,815
3662,1730,19,901
3663,1193,98,550
3664,1504,73,340
3665,1778,11,290
3666,1626,29,973
3667,1433,32,9
3668,517,83,351
3669,1368,6,62
3670,603,39,768
3671,1040,35,589
3672,431,48,273
3673,1666,82,525
3674,635,44,19
3675,378,20,26
3676,1610,96,459
3677,1879,95,878
3678,980,39,173
3679,1204,59,914
3680,222,4,682
3681,941,72,11
3682,1146,71,407
3683,1651,64,3
3684,388,38,498
3685,1680,52,48
3686,689,20,104
3687,1866,30,89
3688,646,72,672
3689,321,96,477
3690,665,74,30
3691,1806,32,303
3692,1316,99,395
3693,1850,25,983
3694,192,61,97
3695,823,7,986
3696,550,8,117
3697,1854,37,460
3698,535,67,909
3699,117,73,10
3700,1599,52,540
3701,1707,4,986
3702,555,21,702
3703,1205,6,2
3704,346,42,80
3705,1075,88,975
3706,430,5,715
3707,1962,81,603
3708,1135,1,392
3709,992,54,243
3710,1593,86,78
3711,1535,8,580
3712,758,26,967
3713,1529,56,977
3714,477,59,662
3715,1593,55,590
3716,1816,4,170
3717,387,16,609
3718,442,59,958
3719,636,99,802
3720,235,48,696
3721,315,61,203
3722,1273,48,829
3723,689,92,354
3724,1451,33,805
3725,626,43,783
3726,693,97,328
3727,1211,83,606
3728,546,33,242
3729,40,59,789
3730,1933,61,479
3731,1145,7,295
3732,1805,25,447
3733,559,47,577
3734,644,1,206
3735,444,94,64
3736,351,83,748
3737,557,37,461
3738,1307,13,168
3739,188,43,294
3740,729,47,583
3741,1678,27,545
3742,1452,75,473
3743,530,12,284
3744,935,19,966
3745,1709,66,123
3746,1370,11,383
3747,134,36,427
3748,594,89,752
3749,561,68,505
3750,1988,39,605
3751,1015,87,151
3752,1634,15,18
3753,1454,67,206
3754,1686,99,425
3755,944,67,960
3756,1702,61,261
3757,697,88,927
3758,1570,13,457
3759,1189,83,688
3760,442,69,832
3761,1540,13,106
3762,1162,47,708
3763,1726,100,16
3764,1675,79,899
3765,204,7,799
3766,501,53,651
3767,1210,73,311
3768,204,40,969
3769,1096,20,176
3770,623,61,338
3771,1646,70,244
3772,1301,4,28
3773,600,15,999
3774,1108,16,346
3775,841,9,570
3776,1952,63,486
3777,1118,75,529
3778,383,89,417
3779,1109,95,761
3780,1090,60,153
3781,253,94,237
3782,1488,34,196
3783,1337,78,485
3784,402,40,13
3785,1473,60,557
3786,166,17,528
3787,1032,77,661
3788,328,51,751
3789,570,96,312
3790,1479,30,285
3791,508,27,974
3792,1802,26,761
3793,991,55,65
3794,1807,93,193
3795,76,34,923
3796,1768,72,840
3797,661,38,715
3798,108,75,538
3799,330,71,946
3800,538,2,606
3801,1889,83,593
3802,78,80,302
3803,1750,64,606
3804,896,41,799
3805,583,73,888
3806,1269,32,78
3807,1986,73,769
3808,294,61,29
3809,1656,89,847
3810,1846,33,257
3811,1009,45,12
3812,629,42,78
3813,1941,25,358
3814,240,67,893
3815,137,7,199
3816,693,55,977
3817,544,76,685
3818,1491,82,802
3819,1170,100,155
3820,1355,84,687
3821,1427,95,296
3822,286,50,390
3823,1128,42,456
3824,1448,34,899
3825,1753,40,124
3826,334,43,102
3827,614,98,842
3828,518,15,715
3829,652,40,289
3830,183,13,207
3831,388,83,793
3832,669,45,909
3833,31,11,588
3834,1813,49,936
3835,1913,98,650
3836,137,81,313
3837,1750,42,382
3838,1612,36,664
3839,1004,46,165
3840,553,96,907
3841,1010,51,498
3842,369,39,189
3843,1894,60,182
3844,1053,41,534
3845,207,63,995
3846,1800,22,654
3847,747,23,288
3848,906,98,716
3849,779,37,896
3850,356,24,751
3851,381,84,605
3852,483,33,745
3853,1534,2,276
3854,1883,2,324
3855,528,83,776
3856,768,53,205
3857,1874,34,872
3858,394,65,764
3859,780,57,847
3860,4,78,652
3861,1719,66,720
3862,838,2,238
3863,700,18,614
3864,682,23,22
3865,27,59,923
3866,1076,39,827
3867,294,70,322
3868,1555,24,613
3869,1751,43,11
3870,1598,19,785
3871,361,80,438
3872,1626,41,611
3873,151,49,1
3874,706,83,100
3875,184,17,889
3876,1514,92,877
3877,1964,83,462
3878,295,20,560
3879,583,65,510
3880,1073,87,187
3881,1054,35,917
3882,50,14,102
3883,1922,5,377
3884,1223,85,723
3885,800,83,251
3886,500,31,284
3887,1822,75,450
3888,1455,67,301
3889,1856,14,418
3890,1025,63,651
3891,539,82,285
3892,804,55,939
3893,1990,78,836
3894,1768,15,945
3895,1731,90,763
3896,1303,25,616
3897,191,89,285
3898,755,43,248
3899,841,32,734
3900,1496,84,724
3901,400,9,63
3902,870,53,73
3903,934,67,948
3904,1554,14,936
3905,1278,90,702
3906,839,89,421
3907,765,88,378
3908,295,52,481
3909,388,47,423
3910,914,47,994
3911,1197,43,664
3912,722,34,745
3913,394,90,420
3914,74,53,490
3915,969,4,692
3916,1102,37,597
3917,697,11,410
3918,1516,38,988
3919,1441,40,533
3920,1881,16,973
3921,1322,90,953
3922,567,2,152
3923,956,18,396
3924,832,90,844
3925,1884,37,575
3926,1829,45,489
3927,362,55,86
3928,709,6,255
3929,403,12,409
3930,31,47,796
3931,1180,24,426
3932,1577,99,631
3933,1155,17,182
3934,1839,50,249
3935,1572,67,815
3936,904,93,156
3937,1935,32,866
3938,710,83,662
3939,1150,74,28
3940,1741,13,102
3941,722,32,676
3942,70,49,270
3943,1338,52,262
3944,178,10,548
3945,258,60,566
3946,742,28,162
3947,59,35,698
3948,1057,19,275
3949,1365,71,540
3950,270,69,315
3951,506,84,185
3952,672,46,547
3953,1534,50,835
3954,1558,13,366
3955,1053,69,769
3956,510,24,667
3957,695,10,269
3958,1820,85,90
3959,216,61,366
3960,475,93,642
3961,1917,25,476
3962,650,4,410
3963,1099,16,504
3964,1710,3,264
3965,8,78,763
3966,1285,48,636
3967,794,47,643
3968,1211,84,307
3969,147,41,218
3970,1392,26,140
3971,124,27,762
3972,970,44,192
3973,498,44,190
3974,606,45,14
3975,1494,89,617
3976,828,14,856
3977,2000,9,74
3978,699,17,786
3979,1780,82,685
3980,459,91,1
3981,755,22,203
3982,822,13,249
3983,1589,100,80
3984,1427,5,690
3985,1235,1,997
3986,239,81,372
3987,1256,4,922
3988,1971,58,29
3989,1877,24,273
3990,490,1,559
3991,168,66,313
3992,1150,43,99
3993,1955,66,376
3994,1096,33,32
3995,236,36,560
3996,1024,38,928
3997,728,69,407
3998,890,5,636
3999,824,22,675
4000,1322,72,16
