1,5/22/11,11:00:44,1,1
2,7/2/10,4:52:41,2,2
3,11/25/05,13:27:49,3,3
4,7/11/10,16:43:18,4,4
5,6/10/01,4:20:51,5,5
6,6/10/13,12:47:36,6,6
7,8/24/83,8:26:32,7,7
8,1/23/04,23:52:00,8,8
9,3/10/96,14:51:36,9,9
10,11/8/96,23:31:39,10,10
11,12/13/84,10:54:03,11,11
12,3/11/83,18:22:19,12,12
13,7/8/13,7:56:48,13,13
14,10/25/05,8:26:03,14,14
15,6/13/04,6:40:42,15,15
16,5/19/94,9:01:32,16,16
17,7/22/08,5:35:36,17,17
18,2/1/96,19:48:01,18,18
19,3/21/07,7:24:35,19,19
20,1/7/83,6:08:38,20,20
21,3/27/12,17:40:00,21,21
22,12/29/02,1:58:22,22,22
23,12/23/04,0:45:47,23,23
24,5/7/00,12:32:38,24,24
25,8/29/86,10:44:06,25,25
26,8/30/92,2:20:22,26,26
27,3/25/08,15:40:48,27,27
28,10/10/81,10:26:49,28,28
29,7/26/01,1:01:46,29,29
30,9/17/94,11:24:08,30,30
31,2/25/11,1:09:39,31,31
32,1/14/88,19:13:35,32,32
33,6/13/12,19:12:30,33,33
34,6/6/87,15:15:34,34,34
35,5/18/92,18:27:50,35,35
36,12/13/01,13:27:54,36,36
37,8/29/01,1:26:20,37,37
38,7/1/00,10:04:13,38,38
39,6/29/80,13:00:26,39,39
40,4/24/86,3:46:27,40,40
41,6/28/89,17:09:50,41,41
42,1/17/03,21:57:33,42,42
43,1/25/80,0:43:42,43,43
44,7/25/05,2:06:02,44,44
45,6/11/89,20:33:00,45,45
46,1/12/11,6:21:23,46,46
47,8/10/86,23:13:44,47,47
48,5/22/91,0:09:03,48,48
49,10/29/94,8:06:56,49,49
50,5/29/00,19:33:52,50,50
51,9/16/97,9:30:06,51,51
52,4/1/13,13:16:33,52,52
53,6/30/83,10:25:20,53,53
54,3/8/86,20:46:04,54,54
55,5/27/03,15:03:19,55,55
56,4/16/00,1:23:14,56,56
57,11/15/10,16:04:08,57,57
58,12/21/01,10:57:10,58,58
59,7/14/01,21:29:27,59,59
60,10/12/98,14:04:33,60,60
61,7/5/02,14:03:17,61,61
62,11/3/82,2:14:00,62,62
63,2/22/93,3:30:28,63,63
64,11/24/83,12:19:09,64,64
65,6/4/83,12:57:43,65,65
66,1/13/90,18:03:58,66,66
67,3/8/05,16:54:10,67,67
68,2/12/87,13:16:49,68,68
69,8/2/97,6:49:08,69,69
70,2/17/81,19:01:06,70,70
71,11/20/06,8:52:33,71,71
72,11/23/10,6:03:53,72,72
73,9/11/81,0:34:21,73,73
74,2/12/09,8:11:53,74,74
75,11/10/89,13:07:11,75,75
76,3/23/10,7:33:29,76,76
77,11/23/89,16:27:04,77,77
78,4/16/06,23:37:33,78,78
79,12/1/90,2:00:05,79,79
80,4/26/84,18:40:51,80,80
81,4/16/91,7:10:46,81,81
82,8/24/07,15:01:22,82,82
83,11/23/04,18:45:08,83,83
84,1/11/90,0:00:51,84,84
85,1/30/05,2:54:32,85,85
86,6/28/94,20:07:39,86,86
87,11/16/01,11:57:38,87,87
88,8/26/02,4:01:31,88,88
89,10/17/89,22:10:26,89,89
90,3/21/93,21:20:02,90,90
91,6/6/06,10:01:17,91,91
92,12/1/95,0:53:40,92,92
93,12/15/06,10:27:28,93,93
94,10/17/04,19:54:00,94,94
95,4/29/00,9:46:59,95,95
96,5/22/06,4:05:22,96,96
97,1/28/82,19:48:20,97,97
98,5/30/09,20:11:28,98,98
99,1/7/01,3:20:03,99,99
100,5/19/84,2:39:28,100,100
101,11/6/94,4:47:42,67,101
102,7/29/97,18:12:18,85,102
103,1/23/84,11:31:26,11,103
104,8/12/13,1:26:45,43,104
105,2/18/06,21:02:12,41,105
106,12/16/84,3:35:51,40,106
107,10/28/96,14:17:47,73,107
108,7/1/84,20:48:52,46,108
109,12/23/03,17:07:10,24,109
110,6/7/93,19:24:02,58,110
111,4/26/13,20:38:52,40,111
112,5/15/92,17:19:54,64,112
113,7/23/02,5:14:45,41,113
114,2/19/12,21:11:30,82,114
115,4/4/95,18:13:27,97,115
116,1/1/90,21:10:58,3,116
117,4/27/98,19:30:14,21,117
118,7/26/93,5:20:12,97,118
119,7/18/02,15:06:16,69,119
120,5/27/08,22:58:44,21,120
121,4/2/84,18:47:23,1,121
122,12/8/01,21:20:26,35,122
123,12/26/03,7:53:55,98,123
124,5/6/04,13:58:32,53,124
125,12/13/07,16:15:06,62,125
126,8/1/10,17:49:48,1,126
127,7/8/02,0:49:01,47,127
128,6/25/87,9:14:11,37,128
129,5/17/06,21:54:58,87,129
130,12/24/85,9:21:48,34,130
131,7/6/91,5:22:38,86,131
132,1/16/90,3:17:18,78,132
133,4/2/80,12:32:16,41,133
134,3/30/83,2:52:16,95,134
135,6/7/82,17:54:01,52,135
136,6/19/89,12:23:34,51,136
137,8/3/00,1:05:40,6,137
138,6/30/84,16:26:51,13,138
139,9/4/03,13:00:29,48,139
140,8/21/85,3:57:43,38,140
141,11/14/86,16:32:26,68,141
142,9/12/09,10:42:25,59,142
143,10/8/00,10:32:32,64,143
144,4/5/05,6:43:36,45,144
145,1/19/80,14:33:53,91,145
146,7/16/02,18:26:58,1,146
147,11/1/84,19:34:40,89,147
148,9/16/04,10:11:12,73,148
149,2/2/82,3:38:20,88,149
150,12/11/09,18:17:54,45,150
151,7/10/88,18:32:35,86,151
152,6/28/10,13:16:47,60,152
153,2/10/96,9:33:11,80,153
154,6/2/91,7:08:16,5,154
155,6/15/02,20:20:42,85,155
156,3/17/93,15:18:42,71,156
157,2/18/82,16:14:41,83,157
158,7/1/80,7:14:06,35,158
159,8/7/04,3:30:31,59,159
160,3/19/90,15:33:05,3,160
161,5/18/99,20:16:56,60,161
162,10/30/01,21:31:13,69,162
163,7/1/82,8:24:32,75,163
164,6/7/08,5:33:26,64,164
165,2/18/88,12:35:05,38,165
166,9/13/09,12:18:09,55,166
167,7/25/98,16:30:00,29,167
168,8/23/05,20:55:29,100,168
169,7/28/93,18:04:12,63,169
170,3/7/95,4:08:43,58,170
171,12/16/03,7:44:01,18,171
172,1/24/87,3:43:16,62,172
173,11/14/02,7:55:08,81,173
174,12/25/95,3:30:53,6,174
175,5/23/82,15:46:57,9,175
176,10/22/02,14:20:51,66,176
177,3/11/99,18:26:49,16,177
178,11/19/07,17:27:14,3,178
179,9/27/10,21:38:55,83,179
180,3/13/11,19:06:22,49,180
181,7/29/96,6:11:44,28,181
182,11/24/97,14:57:08,34,182
183,10/2/86,1:54:22,1,183
184,12/30/94,3:55:52,65,184
185,7/18/06,5:24:25,93,185
186,11/28/11,0:21:14,69,186
187,3/28/13,7:32:00,61,187
188,6/24/90,19:52:29,17,188
189,8/19/11,22:50:12,53,189
190,8/4/88,21:40:50,20,190
191,6/24/93,8:05:15,95,191
192,5/1/84,13:58:31,94,192
193,5/28/13,4:13:23,84,193
194,5/15/12,23:27:45,81,194
195,7/14/85,5:44:36,13,195
196,8/2/07,7:39:36,1,196
197,10/6/83,3:32:51,60,197
198,11/18/85,14:07:13,61,198
199,2/14/92,21:03:03,28,199
200,11/16/93,15:30:10,6,200
201,9/21/90,0:17:09,2,201
202,2/5/02,13:42:10,66,202
203,6/10/95,4:34:58,17,203
204,6/22/96,1:56:49,97,204
205,9/14/06,0:05:05,23,205
206,11/4/13,5:12:19,46,206
207,5/28/89,23:48:06,34,207
208,9/26/05,0:17:43,36,208
209,6/29/88,20:48:38,36,209
210,4/8/80,12:37:23,15,210
211,4/8/02,17:33:54,98,211
212,1/12/93,20:02:53,1,212
213,8/30/00,8:54:49,51,213
214,10/6/91,19:44:59,18,214
215,1/19/82,2:08:50,78,215
216,1/22/09,10:41:23,61,216
217,4/17/93,10:01:23,57,217
218,10/24/99,19:05:24,42,218
219,7/8/94,15:13:31,15,219
220,5/18/95,22:29:28,42,220
221,12/18/00,5:54:17,61,221
222,5/16/84,11:45:37,12,222
223,10/20/10,9:27:21,12,223
224,1/3/05,1:37:38,63,224
225,8/14/92,4:16:51,40,225
226,9/24/85,1:19:12,78,226
227,11/22/82,12:28:26,81,227
228,10/20/09,11:01:53,55,228
229,2/7/08,3:57:35,50,229
230,5/21/86,1:34:50,90,230
231,1/6/00,8:31:39,79,231
232,9/18/80,12:51:51,12,232
233,2/4/95,2:39:47,7,233
234,10/16/94,4:12:29,85,234
235,7/13/86,22:04:29,17,235
236,6/15/81,19:21:05,89,236
237,11/2/09,7:09:26,51,237
238,12/26/93,8:28:22,60,238
239,10/6/94,21:18:58,90,239
240,4/2/11,21:19:26,98,240
241,5/14/01,10:25:03,74,241
242,6/12/12,15:22:51,2,242
243,10/18/93,4:47:00,60,243
244,4/9/01,4:28:59,52,244
245,10/16/04,17:35:00,31,245
246,2/1/83,17:17:48,47,246
247,7/18/80,1:49:13,51,247
248,6/7/99,9:35:48,37,248
249,7/19/83,12:26:05,11,249
250,3/16/08,10:55:38,6,250
251,1/26/00,8:00:07,14,251
252,11/26/85,20:54:53,31,252
253,7/5/06,3:01:03,100,253
254,7/2/00,18:13:10,72,254
255,12/4/87,6:16:51,35,255
256,11/15/88,9:44:59,52,256
257,11/25/86,2:06:35,31,257
258,10/16/88,15:47:04,32,258
259,10/21/89,2:31:56,1,259
260,7/9/95,8:12:54,59,260
261,10/31/03,18:47:22,1,261
262,6/11/96,8:11:33,70,262
263,4/20/85,3:24:03,26,263
264,12/8/89,4:32:10,40,264
265,2/7/83,0:42:10,22,265
266,11/4/81,7:08:28,20,266
267,5/17/83,1:17:50,51,267
268,12/17/98,14:35:06,7,268
269,11/2/92,18:55:05,35,269
270,12/23/83,22:12:27,35,270
271,11/28/13,10:01:52,12,271
272,1/13/86,4:08:26,26,272
273,5/10/11,23:19:51,43,273
274,4/26/03,22:11:39,14,274
275,1/8/84,14:48:46,81,275
276,6/11/09,23:15:19,24,276
277,6/28/09,6:33:30,69,277
278,12/28/88,19:06:04,45,278
279,8/4/09,22:45:48,85,279
280,3/29/13,11:22:35,69,280
281,7/16/01,17:19:21,92,281
282,3/3/00,2:10:23,32,282
283,3/13/13,9:09:12,44,283
284,3/3/88,17:08:50,71,284
285,11/1/99,16:08:24,83,285
286,6/6/11,12:47:39,76,286
287,5/26/86,12:18:13,81,287
288,5/3/05,15:51:44,33,288
289,6/7/80,6:38:37,49,289
290,12/6/83,19:39:57,71,290
291,6/25/08,20:59:58,4,291
292,2/25/02,16:18:22,79,292
293,9/17/83,0:01:34,6,293
294,3/30/09,11:55:00,40,294
295,5/5/11,5:44:43,91,295
296,10/5/94,20:34:30,36,296
297,5/19/10,9:18:52,36,297
298,12/2/12,17:58:17,1,298
299,6/16/90,13:47:03,71,299
300,8/26/89,5:58:34,29,300
301,7/13/94,7:45:09,14,301
302,6/19/00,21:52:03,66,302
303,4/1/98,5:49:00,33,303
304,7/3/87,21:10:42,77,304
305,12/31/92,1:46:36,39,305
306,9/4/09,10:24:57,90,306
307,8/16/11,11:11:32,58,307
308,5/26/86,21:50:53,87,308
309,2/21/95,8:48:56,86,309
310,2/10/12,14:51:01,91,310
311,7/8/02,6:06:26,50,311
312,2/6/90,10:44:49,53,312
313,4/12/86,11:10:25,41,313
314,4/3/96,16:31:24,32,314
315,11/21/12,19:48:34,36,315
316,7/6/92,16:10:43,34,316
317,10/18/83,20:55:38,59,317
318,11/16/87,0:46:26,61,318
319,4/28/82,7:51:42,30,319
320,5/24/05,6:25:23,43,320
321,12/1/91,17:37:05,3,321
322,12/25/03,9:32:51,94,322
323,11/11/98,8:46:49,89,323
324,11/8/01,7:00:31,35,324
325,10/31/05,13:47:54,30,325
326,7/17/13,14:09:10,64,326
327,1/23/81,14:11:58,2,327
328,7/19/96,10:22:22,16,328
329,7/18/90,0:04:39,22,329
330,9/27/04,15:32:42,36,330
331,4/27/98,7:09:02,5,331
332,8/12/01,13:16:25,68,332
333,3/10/97,0:12:10,21,333
334,4/26/84,23:11:22,54,334
335,4/10/82,1:14:40,99,335
336,2/27/06,18:47:59,1,336
337,7/3/00,3:40:04,45,337
338,11/28/03,10:47:42,44,338
339,1/29/09,7:30:02,96,339
340,9/9/90,21:26:27,47,340
341,8/12/82,20:00:03,95,341
342,8/24/00,0:27:46,25,342
343,3/8/01,6:25:44,99,343
344,2/5/05,5:44:04,41,344
345,6/27/96,1:13:05,45,345
346,3/10/83,5:29:58,76,346
347,3/11/98,16:30:33,84,347
348,10/26/95,5:46:19,56,348
349,1/14/88,7:13:06,84,349
350,9/18/05,22:17:36,91,350
351,2/18/82,8:08:15,12,351
352,9/21/81,15:30:40,86,352
353,7/2/08,8:44:07,35,353
354,10/11/01,14:33:23,22,354
355,3/19/04,12:30:38,70,355
356,1/28/00,19:38:56,56,356
357,3/6/94,14:54:45,36,357
358,1/10/00,14:16:42,80,358
359,4/8/01,17:27:22,23,359
360,5/30/11,22:58:01,59,360
361,5/10/01,15:24:50,17,361
362,11/27/06,4:37:06,24,362
363,6/26/08,22:01:37,37,363
364,11/18/02,14:21:32,94,364
365,12/31/97,20:46:47,57,365
366,5/14/92,21:57:53,75,366
367,12/23/90,15:26:58,16,367
368,12/3/00,3:31:36,25,368
369,6/23/84,18:34:59,45,369
370,11/3/84,19:03:46,48,370
371,4/9/02,8:04:24,61,371
372,7/17/00,3:46:32,21,372
373,4/12/04,23:06:21,80,373
374,8/19/00,8:49:23,2,374
375,1/5/00,5:56:34,35,375
376,7/27/12,7:20:03,36,376
377,1/11/02,22:12:04,42,377
378,11/13/01,12:49:10,71,378
379,2/23/82,9:34:56,23,379
380,7/3/13,13:00:19,34,380
381,10/18/96,13:17:40,32,381
382,9/5/99,14:01:05,86,382
383,8/1/90,21:13:14,77,383
384,4/18/06,8:07:06,55,384
385,6/5/97,11:15:06,19,385
386,7/30/91,16:57:02,23,386
387,6/20/92,11:06:53,92,387
388,1/26/98,6:04:51,32,388
389,9/29/00,21:43:27,82,389
390,11/9/90,3:14:08,9,390
391,1/14/84,21:32:18,78,391
392,5/3/99,13:15:06,58,392
393,7/16/83,6:00:50,66,393
394,1/8/82,19:03:10,59,394
395,5/10/96,6:53:19,48,395
396,12/19/05,4:51:34,69,396
397,11/11/13,19:15:04,56,397
398,9/11/13,6:03:59,84,398
399,6/25/89,1:02:41,39,399
400,2/22/86,6:58:57,80,400
401,3/27/93,3:48:49,26,401
402,10/17/80,1:12:09,54,402
403,12/14/84,17:08:12,28,403
404,12/31/13,4:37:49,39,404
405,8/10/91,19:12:20,94,405
406,5/24/04,21:52:53,60,406
407,9/6/83,15:25:26,39,407
408,2/12/99,11:02:14,22,408
409,10/9/93,9:13:35,47,409
410,9/17/07,1:53:26,71,410
411,8/14/10,22:13:51,64,411
412,11/6/89,1:39:01,93,412
413,10/9/96,13:39:22,2,413
414,1/22/12,14:20:51,92,414
415,12/28/05,6:44:01,52,415
416,2/6/02,14:18:39,81,416
417,7/18/01,20:59:08,55,417
418,1/3/04,7:15:32,61,418
419,5/22/90,6:02:59,51,419
420,3/11/01,4:23:58,45,420
421,3/23/91,19:38:30,14,421
422,3/10/96,23:35:24,75,422
423,8/29/83,8:50:00,92,423
424,9/19/12,7:20:06,44,424
425,6/27/12,22:16:44,30,425
426,2/26/99,12:41:20,5,426
427,5/21/05,8:06:41,55,427
428,9/3/92,19:05:19,47,428
429,4/5/96,1:46:48,11,429
430,11/17/84,18:42:19,51,430
431,6/3/81,6:07:49,53,431
432,4/21/13,21:44:13,53,432
433,1/19/82,7:48:05,98,433
434,1/19/94,7:44:28,54,434
435,12/1/04,15:41:42,89,435
436,11/13/07,7:08:16,80,436
437,8/15/97,9:55:07,33,437
438,9/18/83,17:10:36,58,438
439,8/3/11,5:16:06,100,439
440,7/28/84,18:00:56,89,440
441,4/25/93,2:28:13,28,441
442,6/29/01,12:58:12,37,442
443,12/20/87,4:43:52,88,443
444,6/30/12,23:18:36,43,444
445,8/3/81,5:21:10,9,445
446,6/18/01,14:31:40,88,446
447,4/29/93,2:08:50,21,447
448,11/2/97,6:11:30,30,448
449,5/26/08,2:43:39,50,449
450,10/4/01,17:11:55,24,450
451,6/29/83,17:38:33,49,451
452,6/28/93,11:17:39,84,452
453,9/10/10,19:28:04,84,453
454,2/23/89,3:10:57,89,454
455,2/16/97,23:49:39,81,455
456,9/22/99,18:50:41,63,456
457,10/2/92,8:00:42,77,457
458,9/19/85,23:56:59,38,458
459,11/17/05,16:47:09,43,459
460,6/24/01,3:15:08,66,460
461,10/7/94,22:47:41,10,461
462,9/18/04,8:43:32,63,462
463,11/10/81,22:18:14,87,463
464,10/1/85,21:35:44,93,464
465,8/6/91,21:40:49,83,465
466,8/5/08,15:01:39,71,466
467,9/23/93,9:53:27,66,467
468,5/28/13,6:48:42,99,468
469,12/25/97,8:53:56,30,469
470,3/5/10,13:44:56,79,470
471,8/12/84,9:59:28,15,471
472,3/18/08,20:57:48,29,472
473,7/1/94,0:45:36,76,473
474,4/4/99,13:59:52,79,474
475,2/17/81,21:39:01,36,475
476,2/24/96,16:39:04,43,476
477,9/1/01,5:27:51,74,477
478,6/24/03,21:08:17,45,478
479,6/17/01,3:58:00,97,479
480,5/28/05,12:51:19,11,480
481,3/14/94,6:27:49,10,481
482,2/7/81,19:29:53,52,482
483,10/2/97,17:39:26,50,483
484,2/15/99,9:36:49,8,484
485,8/14/01,12:10:18,28,485
486,7/24/08,5:08:38,69,486
487,4/21/13,21:52:17,92,487
488,5/22/01,2:42:52,5,488
489,2/16/94,8:49:49,96,489
490,1/24/96,15:09:32,84,490
491,5/6/99,10:25:15,69,491
492,10/26/05,4:07:52,33,492
493,3/10/07,2:33:08,1,493
494,3/29/87,22:44:37,93,494
495,1/9/11,5:02:04,86,495
496,2/6/08,12:08:10,77,496
497,9/13/03,15:53:08,70,497
498,3/9/00,16:54:27,85,498
499,6/8/90,20:53:41,4,499
500,9/12/94,21:23:49,16,500
501,10/27/99,21:53:02,96,501
502,6/5/07,23:10:41,21,502
503,10/27/90,7:00:44,36,503
504,3/27/89,22:57:04,90,504
505,4/4/11,19:56:17,43,505
506,9/22/96,20:50:26,95,506
507,12/18/13,8:22:56,46,507
508,4/17/90,16:12:17,19,508
509,4/13/98,7:49:00,49,509
510,6/7/99,14:48:57,47,510
511,5/31/95,21:51:58,76,511
512,7/25/83,20:00:33,5,512
513,5/10/00,3:24:28,63,513
514,8/23/12,12:31:18,78,514
515,2/10/13,9:19:02,8,515
516,3/21/88,21:18:56,5,516
517,9/15/90,14:51:35,51,517
518,12/12/06,13:48:40,40,518
519,9/4/97,16:45:22,12,519
520,11/22/08,22:57:50,92,520
521,11/3/87,14:54:37,94,521
522,4/27/80,23:29:49,59,522
523,11/27/86,20:49:53,100,523
524,9/3/91,15:06:15,17,524
525,4/10/89,20:28:08,83,525
526,4/10/98,7:39:12,41,526
527,5/28/90,7:06:06,35,527
528,6/7/85,15:38:35,58,528
529,11/26/11,8:38:00,96,529
530,6/9/81,11:34:34,52,530
531,7/31/13,6:47:38,47,531
532,3/15/11,10:13:04,96,532
533,7/26/91,0:34:36,91,533
534,11/10/02,15:55:02,86,534
535,1/18/99,7:33:51,5,535
536,4/23/12,1:58:15,15,536
537,4/20/89,10:31:22,88,537
538,10/20/98,4:56:58,71,538
539,11/11/88,19:29:59,100,539
540,3/4/90,10:03:44,12,540
541,5/18/81,14:33:32,45,541
542,7/4/83,16:27:09,75,542
543,11/7/05,14:13:42,13,543
544,4/30/08,20:24:23,79,544
545,10/12/05,9:31:09,46,545
546,5/10/06,12:37:18,68,546
547,2/28/98,11:25:32,50,547
548,6/16/98,20:56:52,39,548
549,12/29/95,8:03:55,92,549
550,5/12/89,22:14:47,12,550
551,11/26/06,10:26:25,9,551
552,4/22/90,8:56:26,27,552
553,11/23/04,9:15:21,36,553
554,12/23/84,7:45:41,61,554
555,1/22/01,14:21:52,94,555
556,2/16/04,18:21:47,88,556
557,3/21/05,20:16:11,97,557
558,6/19/93,12:45:28,46,558
559,4/6/04,3:50:54,69,559
560,8/7/88,1:30:22,10,560
561,5/29/12,18:14:16,73,561
562,2/8/85,16:39:05,27,562
563,6/11/10,19:44:00,23,563
564,3/12/92,17:55:17,96,564
565,11/8/89,15:09:42,8,565
566,7/16/88,6:33:31,22,566
567,9/6/83,11:28:55,80,567
568,10/15/13,7:18:47,60,568
569,4/18/03,13:03:59,24,569
570,6/21/09,2:50:07,29,570
571,5/28/13,17:37:46,34,571
572,7/24/97,22:31:11,40,572
573,1/8/00,19:09:52,43,573
574,1/3/99,17:23:14,59,574
575,2/15/84,12:24:11,74,575
576,11/9/94,1:07:23,98,576
577,3/27/01,15:28:30,23,577
578,5/5/83,6:26:58,31,578
579,5/23/92,1:54:39,54,579
580,5/13/84,0:08:10,27,580
581,5/3/92,23:09:22,51,581
582,9/22/88,13:25:08,74,582
583,9/10/91,2:47:26,18,583
584,3/17/89,9:24:30,64,584
585,1/19/05,4:57:55,75,585
586,4/30/96,23:16:19,64,586
587,4/28/05,15:56:37,54,587
588,1/18/11,18:09:28,17,588
589,3/30/03,16:09:47,32,589
590,1/15/96,21:40:02,89,590
591,10/11/85,13:37:05,13,591
592,6/24/13,17:45:54,99,592
593,6/2/91,10:28:31,86,593
594,3/20/94,17:12:59,64,594
595,3/11/91,4:16:33,40,595
596,5/10/07,0:15:37,76,596
597,6/17/86,13:10:53,22,597
598,3/9/10,5:22:27,10,598
599,5/2/06,11:54:19,44,599
600,2/21/97,1:55:59,54,600
601,12/5/99,7:42:31,46,601
602,11/19/99,8:51:30,70,602
603,5/7/07,15:54:34,5,603
604,1/5/94,12:40:24,80,604
605,2/9/13,5:34:22,68,605
606,4/21/94,1:38:59,60,606
607,6/7/08,19:57:48,47,607
608,7/10/94,8:33:51,89,608
609,4/18/94,21:23:12,42,609
610,1/21/91,16:33:40,100,610
611,3/11/94,12:47:26,49,611
612,8/13/89,17:36:24,41,612
613,5/4/13,10:34:56,89,613
614,11/24/94,23:23:59,11,614
615,12/23/04,19:16:57,3,615
616,1/26/07,12:01:37,88,616
617,5/11/85,16:57:42,3,617
618,9/25/82,17:39:01,51,618
619,8/6/01,21:13:11,6,619
620,10/22/96,20:00:33,70,620
621,11/24/84,12:37:50,25,621
622,4/18/05,5:20:50,97,622
623,12/19/84,4:10:57,9,623
624,9/25/96,22:42:44,77,624
625,4/7/02,21:30:46,51,625
626,7/1/04,19:10:40,4,626
627,9/5/11,3:22:32,34,627
628,5/18/12,6:26:10,83,628
629,4/1/02,5:18:47,65,629
630,2/1/02,8:20:08,63,630
631,3/17/99,1:09:13,43,631
632,12/18/89,11:56:19,49,632
633,9/13/10,6:35:53,40,633
634,1/20/10,1:32:32,90,634
635,2/20/91,7:43:38,44,635
636,3/6/03,21:39:46,71,636
637,6/9/87,4:54:29,2,637
638,12/24/10,9:26:09,33,638
639,5/2/88,7:48:53,1,639
640,7/5/09,9:35:12,70,640
641,10/26/85,19:37:20,9,641
642,11/8/06,3:26:37,74,642
643,1/9/90,20:16:55,12,643
644,8/10/82,17:45:36,96,644
645,1/14/93,11:17:12,3,645
646,5/11/82,4:20:35,39,646
647,8/22/10,15:20:39,28,647
648,7/23/83,8:02:23,14,648
649,3/23/11,12:12:38,70,649
650,10/8/09,9:02:33,46,650
651,9/8/13,5:02:49,4,651
652,7/7/13,17:36:39,62,652
653,2/26/83,21:15:09,91,653
654,7/22/09,1:54:32,50,654
655,3/21/92,2:46:27,72,655
656,5/21/09,14:42:31,6,656
657,6/30/82,9:28:45,83,657
658,4/19/08,13:01:18,51,658
659,10/25/92,22:18:50,45,659
660,7/7/85,22:33:26,92,660
661,12/28/10,22:17:57,67,661
662,2/20/87,21:53:54,57,662
663,11/23/00,12:33:11,43,663
664,5/1/96,22:51:42,100,664
665,10/10/12,7:00:08,60,665
666,5/30/81,22:55:50,2,666
667,11/14/02,4:42:06,40,667
668,6/8/98,2:36:19,4,668
669,7/17/89,1:28:31,12,669
670,7/22/93,19:40:50,1,670
671,3/16/80,7:10:47,33,671
672,2/25/92,23:51:50,56,672
673,2/5/99,5:34:53,47,673
674,5/25/07,18:59:08,73,674
675,7/5/11,4:11:13,61,675
676,2/6/85,6:52:45,17,676
677,2/6/94,11:02:56,11,677
678,6/17/12,3:49:09,9,678
679,11/18/80,13:38:12,32,679
680,2/15/89,13:35:25,92,680
681,10/16/04,16:34:01,18,681
682,1/2/97,16:04:42,57,682
683,6/18/84,21:40:05,7,683
684,10/8/02,22:20:29,27,684
685,12/30/12,14:21:04,79,685
686,11/4/99,21:58:30,40,686
687,1/2/95,5:02:30,60,687
688,11/3/11,14:06:05,1,688
689,1/26/80,19:22:27,28,689
690,3/5/93,13:01:03,38,690
691,5/11/91,18:19:45,18,691
692,6/22/94,12:58:45,12,692
693,7/22/93,16:00:07,89,693
694,5/6/93,8:57:43,98,694
695,7/22/82,5:14:28,30,695
696,10/13/81,17:36:05,16,696
697,11/23/82,15:07:03,90,697
698,8/4/08,21:59:54,47,698
699,1/19/01,1:41:14,33,699
700,1/28/03,11:15:41,6,700
701,11/19/09,3:06:00,47,701
702,2/22/88,3:24:32,67,702
703,3/4/00,11:45:05,48,703
704,5/28/97,15:12:08,91,704
705,3/29/80,11:25:56,5,705
706,3/1/87,10:15:57,53,706
707,6/23/12,13:07:08,67,707
708,7/2/11,3:30:10,9,708
709,5/26/10,16:57:16,90,709
710,3/30/84,5:11:34,88,710
711,6/8/99,4:57:21,11,711
712,8/1/13,11:17:36,74,712
713,4/10/94,1:56:59,87,713
714,7/9/13,11:21:30,83,714
715,10/29/06,0:55:53,45,715
716,12/31/02,10:25:00,95,716
717,9/14/89,13:38:42,35,717
718,4/6/09,8:26:49,75,718
719,9/18/88,21:04:43,38,719
720,11/5/13,19:39:27,89,720
721,12/18/97,21:37:36,82,721
722,12/3/11,19:10:34,87,722
723,12/10/04,13:39:16,7,723
724,5/24/82,4:31:38,90,724
725,5/29/91,4:15:46,12,725
726,5/8/84,15:50:23,77,726
727,5/5/98,4:52:55,2,727
728,12/30/98,6:07:53,22,728
729,6/3/80,20:32:50,67,729
730,1/26/06,0:17:32,31,730
731,12/29/07,17:11:11,70,731
732,2/4/03,8:04:07,97,732
733,9/2/95,3:11:52,74,733
734,5/26/10,10:46:12,46,734
735,3/10/06,12:03:08,61,735
736,9/28/07,13:32:27,72,736
737,11/7/00,3:22:39,19,737
738,7/16/02,1:28:20,43,738
739,7/4/03,1:39:05,30,739
740,2/1/01,20:03:37,10,740
741,4/15/03,1:46:20,8,741
742,4/29/88,10:10:40,36,742
743,1/17/87,20:59:36,74,743
744,3/2/80,10:47:32,65,744
745,3/20/94,23:52:29,55,745
746,10/30/85,21:53:53,24,746
747,11/6/81,23:03:41,11,747
748,7/19/10,13:11:41,36,748
749,6/23/10,19:40:16,39,749
750,12/20/88,10:50:45,80,750
751,5/7/10,18:35:14,65,751
752,4/20/01,18:30:29,24,752
753,5/21/89,21:49:54,37,753
754,4/21/04,16:17:37,52,754
755,11/12/07,3:04:34,19,755
756,8/1/03,7:33:35,44,756
757,6/28/94,16:26:12,21,757
758,3/16/04,13:15:31,69,758
759,5/13/85,3:42:03,9,759
760,1/30/04,2:22:07,72,760
761,2/20/96,14:55:12,82,761
762,7/19/09,15:43:40,1,762
763,11/14/08,6:18:03,69,763
764,8/30/96,10:41:17,61,764
765,1/12/81,1:40:47,63,765
766,2/9/97,19:23:14,22,766
767,5/11/80,7:10:37,28,767
768,10/4/86,11:00:28,1,768
769,3/20/13,22:12:52,59,769
770,12/15/05,20:15:20,26,770
771,8/10/82,12:01:54,27,771
772,9/30/82,13:46:34,27,772
773,8/9/93,21:15:41,36,773
774,5/5/10,15:54:22,89,774
775,10/30/05,14:50:11,67,775
776,5/4/96,10:59:51,51,776
777,3/30/99,7:20:32,89,777
778,5/19/87,22:02:20,21,778
779,4/15/90,0:44:27,6,779
780,1/27/95,22:36:55,26,780
781,12/5/93,16:37:59,79,781
782,7/14/90,20:58:59,16,782
783,3/25/80,16:35:19,80,783
784,10/7/82,19:41:48,94,784
785,10/28/88,3:54:00,8,785
786,8/8/05,13:19:30,7,786
787,4/3/10,8:58:33,2,787
788,7/14/88,4:26:25,52,788
789,4/22/11,4:24:32,80,789
790,9/1/87,11:56:49,11,790
791,3/4/01,6:58:38,89,791
792,9/9/93,21:03:32,7,792
793,9/28/97,17:33:54,94,793
794,10/8/90,12:39:06,57,794
795,1/22/13,5:18:07,12,795
796,11/26/94,18:48:23,85,796
797,6/5/80,5:00:49,27,797
798,11/7/04,10:19:44,17,798
799,2/5/09,21:32:03,83,799
800,4/12/87,14:11:22,48,800
801,8/5/03,6:24:27,31,801
802,7/14/81,19:04:28,50,802
803,3/18/02,23:00:25,46,803
804,1/26/82,7:03:13,60,804
805,10/13/10,2:03:37,84,805
806,8/16/08,5:55:40,83,806
807,3/27/93,4:04:56,53,807
808,5/14/12,1:22:56,44,808
809,8/30/07,7:39:02,91,809
810,1/29/82,21:39:43,56,810
811,3/5/89,6:49:05,7,811
812,8/11/90,23:43:28,40,812
813,12/7/06,2:33:11,69,813
814,6/30/92,9:38:11,72,814
815,6/7/98,10:06:00,41,815
816,10/19/83,4:17:47,85,816
817,10/29/96,20:43:44,16,817
818,5/30/03,9:33:18,66,818
819,11/18/89,16:07:57,44,819
820,7/20/91,8:04:11,36,820
821,4/16/84,16:48:02,52,821
822,3/26/82,2:24:45,51,822
823,4/8/00,18:15:01,17,823
824,10/18/10,5:51:21,42,824
825,4/13/01,11:56:30,9,825
826,8/19/07,2:06:31,2,826
827,2/14/96,6:39:41,91,827
828,1/22/10,4:09:08,31,828
829,11/7/07,2:39:26,89,829
830,8/18/98,18:13:06,98,830
831,9/12/97,8:43:27,66,831
832,9/11/06,11:43:36,16,832
833,3/10/88,20:40:04,77,833
834,3/12/95,18:36:47,74,834
835,4/5/94,20:34:07,3,835
836,4/29/01,3:16:48,73,836
837,3/20/96,12:46:19,56,837
838,7/11/86,6:54:09,41,838
839,8/4/84,14:30:16,28,839
840,4/27/80,1:57:33,93,840
841,7/30/94,13:56:36,35,841
842,3/3/95,8:51:34,69,842
843,3/28/89,1:01:20,86,843
844,10/19/13,4:11:23,79,844
845,12/19/91,9:12:34,40,845
846,5/6/06,2:51:17,31,846
847,12/5/90,23:11:00,43,847
848,6/13/84,2:53:41,92,848
849,5/29/89,23:02:31,32,849
850,7/3/99,11:40:02,7,850
851,1/19/03,1:46:18,46,851
852,10/20/02,6:40:45,55,852
853,1/9/94,14:24:40,87,853
854,2/25/99,5:13:04,56,854
855,2/11/10,14:45:17,50,855
856,9/13/99,19:31:39,100,856
857,2/13/03,0:12:05,29,857
858,8/7/86,17:02:21,39,858
859,11/29/03,6:40:09,25,859
860,9/29/92,16:22:13,81,860
861,12/17/94,23:58:19,10,861
862,6/14/05,22:04:15,6,862
863,12/25/88,16:10:16,50,863
864,1/21/09,5:05:00,85,864
865,11/22/92,18:39:48,31,865
866,11/28/10,9:54:11,100,866
867,10/16/93,1:35:12,100,867
868,9/13/03,14:09:03,85,868
869,12/20/92,1:51:22,58,869
870,9/29/81,6:43:49,53,870
871,6/11/10,11:20:21,64,871
872,11/24/92,17:33:02,50,872
873,2/27/92,6:27:45,77,873
874,8/9/92,11:24:00,11,874
875,7/20/01,1:56:42,49,875
876,6/13/96,1:45:03,96,876
877,6/12/97,18:25:04,30,877
878,1/7/94,16:21:02,17,878
879,2/4/01,2:49:46,47,879
880,11/16/90,6:45:12,10,880
881,3/16/97,11:27:56,62,881
882,11/17/11,10:24:26,55,882
883,8/21/00,6:30:46,64,883
884,12/4/94,10:31:36,27,884
885,11/25/83,12:10:40,64,885
886,4/11/07,12:36:46,64,886
887,10/21/99,16:19:40,82,887
888,1/22/83,14:26:21,89,888
889,11/9/06,0:55:47,81,889
890,12/11/06,2:25:23,16,890
891,10/21/12,15:57:05,36,891
892,12/14/86,7:49:27,80,892
893,6/17/03,4:06:54,53,893
894,2/15/99,23:39:50,63,894
895,1/26/97,15:05:09,52,895
896,10/27/91,19:19:02,42,896
897,1/28/86,11:12:35,79,897
898,2/19/80,9:28:22,18,898
899,8/4/02,18:29:29,4,899
900,10/14/90,16:14:41,99,900
901,1/31/84,3:34:57,93,901
902,6/30/05,20:09:17,99,902
903,10/26/03,4:27:45,32,903
904,7/3/81,16:27:59,33,904
905,4/25/10,4:18:32,19,905
906,10/21/88,12:49:05,62,906
907,6/11/11,19:04:28,24,907
908,3/1/02,16:18:33,36,908
909,12/13/12,6:56:07,22,909
910,12/3/82,5:53:09,83,910
911,1/11/11,5:52:19,19,911
912,3/29/80,3:17:02,66,912
913,1/8/92,10:24:23,57,913
914,8/13/96,14:45:26,56,914
915,6/3/90,9:23:40,54,915
916,7/31/97,14:24:17,15,916
917,10/13/84,7:56:39,59,917
918,10/21/01,11:23:34,27,918
919,4/17/85,14:26:05,30,919
920,1/30/96,10:41:49,84,920
921,3/10/02,18:35:50,26,921
922,7/31/09,4:52:08,19,922
923,7/23/83,8:34:46,35,923
924,4/1/13,22:02:41,84,924
925,12/13/00,23:46:15,31,925
926,7/16/87,22:38:08,61,926
927,11/12/87,0:39:21,18,927
928,1/17/85,20:06:49,31,928
929,8/9/03,23:36:23,91,929
930,9/26/13,2:48:57,62,930
931,9/27/86,0:51:58,40,931
932,3/29/98,11:57:25,36,932
933,11/28/10,0:52:06,97,933
934,8/15/05,12:02:01,90,934
935,10/6/91,14:46:45,29,935
936,5/27/02,4:03:04,100,936
937,4/9/10,20:37:57,11,937
938,7/21/02,16:58:23,52,938
939,9/1/97,7:55:33,9,939
940,6/18/11,10:46:17,73,940
941,7/13/94,21:46:21,23,941
942,1/19/82,20:07:45,16,942
943,3/25/90,7:35:50,59,943
944,6/22/93,4:38:33,81,944
945,6/14/96,22:08:12,47,945
946,11/16/07,18:11:48,27,946
947,1/16/95,7:03:30,25,947
948,4/3/99,23:59:58,50,948
949,5/11/10,0:09:25,82,949
950,10/31/07,14:03:51,13,950
951,7/12/02,22:41:09,64,951
952,1/31/09,2:40:06,58,952
953,11/22/83,10:34:52,65,953
954,7/15/10,3:15:32,33,954
955,4/28/93,23:06:45,12,955
956,10/5/82,5:07:41,53,956
957,4/13/96,16:22:33,46,957
958,7/2/90,14:13:11,80,958
959,6/11/88,5:10:41,12,959
960,2/19/09,14:46:15,39,960
961,5/18/80,14:33:30,27,961
962,8/1/82,2:30:18,84,962
963,7/19/80,17:35:52,14,963
964,4/17/95,6:09:42,61,964
965,1/14/90,0:01:37,50,965
966,2/22/82,11:58:19,93,966
967,1/8/91,23:47:41,1,967
968,3/17/89,0:03:31,12,968
969,10/24/07,7:46:25,13,969
970,4/8/10,12:37:09,50,970
971,2/8/81,23:19:55,10,971
972,4/22/94,6:43:17,69,972
973,10/24/92,23:47:54,41,973
974,3/23/84,22:57:03,59,974
975,12/1/93,19:50:08,58,975
976,9/8/99,16:06:40,31,976
977,6/2/95,1:25:07,1,977
978,11/8/00,18:41:06,81,978
979,7/21/89,15:57:20,99,979
980,6/20/07,9:11:54,29,980
981,4/28/10,18:28:56,88,981
982,1/4/98,4:20:36,53,982
983,8/12/05,22:20:30,27,983
984,5/21/01,19:06:42,49,984
985,6/7/07,21:04:51,75,985
986,10/20/10,0:44:18,78,986
987,4/2/96,13:45:38,69,987
988,2/7/94,11:44:28,12,988
989,1/28/01,1:11:11,65,989
990,6/27/95,16:34:40,91,990
991,7/4/85,23:40:17,71,991
992,2/16/99,2:56:33,88,992
993,11/17/80,16:09:23,94,993
994,6/12/96,2:23:40,9,994
995,3/1/95,6:04:54,48,995
996,5/29/82,6:01:39,9,996
997,7/2/99,8:04:12,49,997
998,12/24/85,6:25:39,83,998
999,8/31/89,10:56:50,74,999
1000,12/23/80,5:56:52,30,1000
1001,1/5/13,14:39:48,13,530
1002,9/27/98,20:27:55,47,133
1003,10/8/06,19:58:13,57,939
1004,1/24/99,23:40:33,67,30
1005,4/20/83,10:59:38,82,646
1006,6/5/93,21:07:08,78,655
1007,8/29/83,11:29:12,66,661
1008,3/31/90,20:50:44,4,379
1009,4/4/81,14:07:42,24,168
1010,2/3/04,0:15:35,81,583
1011,12/3/07,16:21:32,39,474
1012,4/27/09,4:34:45,46,817
1013,11/11/96,16:01:43,29,405
1014,7/21/05,1:45:36,69,615
1015,1/29/00,18:02:46,71,156
1016,12/31/90,22:27:09,82,629
1017,12/13/95,20:56:28,94,700
1018,12/27/99,6:57:24,80,454
1019,4/1/06,8:10:17,78,425
1020,8/20/96,20:54:41,69,317
1021,12/12/06,19:05:50,74,853
1022,11/23/94,14:19:41,23,891
1023,10/10/10,22:26:20,6,554
1024,8/22/09,14:02:19,60,566
1025,11/2/06,19:44:04,61,888
1026,5/18/81,3:44:01,55,990
1027,3/31/83,12:23:16,75,687
1028,12/26/88,2:45:58,34,273
1029,4/18/11,19:57:19,8,629
1030,10/24/08,2:39:00,76,541
1031,6/1/93,17:48:02,42,608
1032,6/15/12,2:48:56,81,739
1033,9/21/83,8:53:11,20,236
1034,9/29/03,2:49:32,9,549
1035,5/1/11,4:51:16,28,999
1036,1/18/00,22:10:36,25,674
1037,1/21/03,0:32:53,31,362
1038,3/30/06,7:31:04,34,562
1039,9/17/95,2:34:47,5,13
1040,4/10/82,14:33:28,53,844
1041,7/20/87,5:29:16,52,519
1042,1/17/07,5:04:44,77,398
1043,3/17/06,16:41:39,78,29
1044,4/8/89,5:46:15,17,356
1045,1/8/82,19:25:51,31,97
1046,5/13/87,19:29:00,12,124
1047,9/4/94,2:02:30,27,348
1048,12/16/99,16:04:42,62,342
1049,5/27/98,2:50:52,56,526
1050,10/12/92,22:17:43,28,513
1051,6/24/88,10:29:07,80,778
1052,10/1/98,10:08:21,94,347
1053,6/10/10,6:19:43,2,291
1054,2/28/99,11:02:39,70,757
1055,3/1/11,18:55:22,1,626
1056,10/16/11,10:34:21,71,202
1057,12/23/07,2:02:09,6,683
1058,5/3/05,4:43:49,35,532
1059,12/28/96,10:09:42,28,607
1060,12/10/99,20:19:33,13,881
1061,10/12/91,12:00:19,88,626
1062,11/8/01,19:54:14,96,7
1063,4/12/84,18:14:34,54,858
1064,3/25/98,11:48:47,5,598
1065,12/8/92,9:20:42,69,701
1066,9/5/92,4:41:23,23,491
1067,11/29/89,5:37:33,34,211
1068,2/4/96,5:57:33,10,841
1069,2/20/04,23:37:45,66,927
1070,2/16/88,10:09:45,9,507
1071,8/3/82,5:14:11,88,978
1072,6/2/95,1:28:14,35,746
1073,1/13/10,17:41:58,52,389
1074,2/12/99,2:37:10,58,895
1075,10/4/83,20:18:20,93,894
1076,8/8/03,16:43:14,71,904
1077,2/5/07,1:44:57,22,323
1078,4/19/94,20:29:26,91,267
1079,3/7/93,5:37:31,82,712
1080,6/29/98,5:24:17,54,536
1081,2/27/85,4:20:03,60,576
1082,6/23/04,1:14:26,35,742
1083,12/1/02,10:24:25,37,112
1084,8/7/06,4:48:10,85,882
1085,10/20/93,15:35:46,31,818
1086,1/21/03,6:59:30,19,970
1087,10/26/08,0:41:08,28,636
1088,6/4/85,18:54:54,87,81
1089,3/8/09,6:14:14,41,503
1090,3/6/01,15:01:22,2,775
1091,10/21/08,20:28:35,5,122
1092,11/20/92,19:47:08,98,403
1093,4/18/91,20:08:00,87,272
1094,2/7/12,20:49:47,21,420
1095,6/16/98,13:35:08,78,742
1096,3/16/06,13:28:02,92,864
1097,11/22/86,9:52:50,56,700
1098,10/13/11,12:22:17,90,554
1099,6/6/96,13:04:05,42,932
1100,5/19/80,12:45:08,33,348
1101,4/6/95,5:39:51,79,289
1102,9/2/87,21:14:37,48,625
1103,8/5/07,1:46:33,81,9
1104,4/21/12,21:16:46,23,930
1105,12/19/01,21:04:32,13,662
1106,11/17/93,8:27:53,11,395
1107,1/22/80,9:48:13,19,182
1108,12/4/01,3:03:19,44,459
1109,5/6/89,2:17:53,3,887
1110,1/27/83,23:41:25,74,785
1111,4/29/88,9:36:42,12,958
1112,7/26/93,21:07:07,67,72
1113,4/13/02,3:01:43,56,231
1114,2/4/81,2:39:33,66,443
1115,5/18/08,16:10:26,64,86
1116,9/22/81,8:59:05,70,856
1117,2/11/08,11:39:12,19,950
1118,11/15/80,13:11:50,70,190
1119,12/4/96,15:52:08,55,632
1120,9/2/97,13:38:50,5,34
1121,1/28/02,7:00:38,51,404
1122,2/26/87,4:55:12,20,319
1123,12/8/94,3:59:30,78,821
1124,11/18/06,1:13:59,49,351
1125,3/31/98,19:11:50,68,160
1126,9/10/95,7:23:11,1,17
1127,10/31/96,13:18:42,52,521
1128,5/4/05,23:38:58,32,486
1129,2/16/97,18:35:15,80,194
1130,8/29/83,8:49:28,64,757
1131,5/16/06,21:05:43,2,15
1132,10/27/02,19:31:07,93,716
1133,10/11/10,18:36:25,15,608
1134,5/21/82,4:44:37,15,601
1135,12/28/07,12:13:13,88,112
1136,5/29/03,23:53:04,85,159
1137,10/13/81,6:32:59,62,307
1138,6/20/05,6:44:08,89,875
1139,9/2/82,5:23:13,88,392
1140,12/21/93,9:04:33,63,296
1141,8/20/90,11:55:58,16,863
1142,1/22/83,16:29:56,43,153
1143,3/1/09,4:02:53,64,634
1144,3/7/88,15:22:45,77,511
1145,5/30/12,7:38:07,34,554
1146,5/25/05,14:53:15,7,771
1147,1/6/01,13:38:12,81,85
1148,1/22/08,17:09:48,49,252
1149,9/19/00,16:04:08,29,861
1150,4/7/91,21:16:35,74,383
1151,8/28/89,22:25:01,41,242
1152,8/7/87,15:31:36,86,880
1153,3/18/96,19:58:46,11,10
1154,1/25/96,19:02:13,19,237
1155,3/22/93,20:19:39,95,979
1156,7/13/05,18:49:15,75,882
1157,4/16/12,3:02:46,4,969
1158,6/20/89,18:49:18,6,9
1159,1/15/81,4:56:22,64,799
1160,4/19/82,12:34:03,16,737
1161,9/7/05,2:07:33,15,803
1162,12/29/12,2:25:07,78,872
1163,11/28/85,21:43:25,26,509
1164,3/27/01,20:34:47,9,120
1165,10/19/08,19:19:55,6,992
1166,9/24/06,8:48:55,73,841
1167,12/21/10,2:12:55,87,377
1168,7/28/86,4:10:31,82,290
1169,9/22/93,23:49:35,14,811
1170,3/29/04,1:04:49,22,433
1171,1/22/10,0:34:52,37,775
1172,11/24/05,5:05:30,67,530
1173,9/22/83,13:00:30,1,236
1174,7/7/04,16:12:05,77,485
1175,6/17/02,23:00:10,55,846
1176,9/9/08,14:15:02,70,591
1177,12/5/92,12:56:52,28,618
1178,2/5/93,6:14:07,10,536
1179,11/11/83,16:07:46,86,203
1180,1/7/92,21:46:36,47,409
1181,8/14/09,9:29:58,45,204
1182,2/2/88,7:37:35,78,869
1183,2/12/82,12:25:16,84,356
1184,5/25/98,20:58:10,92,695
1185,7/11/87,22:41:21,15,767
1186,5/21/82,2:33:41,5,571
1187,12/3/90,6:18:47,93,444
1188,12/2/86,4:13:50,71,93
1189,7/31/97,5:10:57,58,278
1190,3/13/06,3:42:49,72,648
1191,5/3/80,8:39:21,100,318
1192,10/2/05,23:16:42,50,804
1193,5/31/80,0:11:11,13,119
1194,12/10/81,9:08:34,59,473
1195,3/19/98,18:05:45,97,984
1196,3/3/11,19:58:22,99,675
1197,12/27/08,17:27:53,3,603
1198,4/16/85,3:41:17,15,141
1199,8/23/05,10:42:18,42,517
1200,6/14/03,16:13:33,63,373
1201,1/1/97,5:10:24,58,968
1202,8/12/01,6:25:10,80,575
1203,7/20/07,9:54:27,67,678
1204,12/26/89,18:58:20,24,54
1205,8/28/97,14:46:06,80,440
1206,4/2/86,10:10:01,42,408
1207,1/20/01,17:09:44,17,710
1208,12/27/01,17:52:35,91,372
1209,7/12/81,5:34:56,48,474
1210,5/25/84,16:42:57,65,47
1211,2/26/84,23:07:18,54,250
1212,4/19/01,9:45:22,89,604
1213,10/30/84,9:52:08,40,60
1214,5/25/02,17:24:22,60,552
1215,6/19/94,17:16:26,49,168
1216,12/1/97,7:02:55,59,81
1217,9/26/87,21:58:07,72,812
1218,11/13/10,14:37:44,16,746
1219,2/17/11,1:35:00,13,886
1220,3/6/89,5:04:46,26,686
1221,9/17/93,8:28:31,93,92
1222,12/23/80,13:18:12,1,416
1223,10/3/89,9:34:10,90,724
1224,7/25/85,11:14:30,31,516
1225,11/2/04,15:06:49,88,402
1226,12/7/93,5:14:59,51,811
1227,12/19/05,5:08:45,49,210
1228,7/3/87,17:22:57,29,880
1229,5/31/94,0:46:57,38,204
1230,6/23/84,17:07:24,21,137
1231,10/22/94,19:10:06,76,965
1232,6/8/98,2:53:46,53,817
1233,5/8/90,16:57:54,92,195
1234,7/15/89,15:39:13,24,911
1235,5/7/91,22:35:40,23,248
1236,7/1/85,23:38:02,85,787
1237,7/26/11,22:50:10,44,345
1238,11/4/91,12:13:46,36,125
1239,10/17/80,17:24:05,63,788
1240,8/17/10,21:36:58,45,31
1241,8/26/83,6:07:16,8,561
1242,9/23/06,19:26:24,89,455
1243,8/27/84,14:07:34,86,394
1244,12/26/10,9:46:14,77,208
1245,12/24/86,19:33:41,11,804
1246,7/29/91,1:32:25,66,743
1247,7/2/06,3:53:37,67,54
1248,8/10/94,23:05:30,68,951
1249,11/11/99,21:24:46,80,272
1250,9/4/98,17:21:40,2,591
1251,6/29/98,11:56:48,86,462
1252,8/9/01,9:47:34,65,796
1253,9/14/04,16:05:19,58,700
1254,6/6/03,23:22:33,98,713
1255,12/2/10,23:07:25,82,912
1256,5/11/02,14:29:30,100,640
1257,8/15/89,2:48:04,7,705
1258,1/13/91,14:09:56,9,220
1259,7/26/97,11:44:04,77,604
1260,5/16/89,2:04:06,80,195
1261,1/21/95,20:35:30,47,621
1262,6/16/94,23:09:13,39,986
1263,12/8/87,15:33:12,24,712
1264,10/16/85,20:13:06,70,156
1265,6/16/96,16:32:53,14,279
1266,8/30/93,4:09:11,12,690
1267,3/21/88,2:54:12,62,521
1268,1/20/98,9:13:16,99,312
1269,5/13/09,4:14:04,83,278
1270,6/25/99,1:38:12,92,743
1271,6/28/04,1:03:43,50,210
1272,9/16/93,16:42:18,8,685
1273,1/1/87,11:27:23,100,822
1274,10/21/98,3:28:42,27,546
1275,4/5/13,0:47:40,12,727
1276,12/18/09,0:15:04,71,839
1277,10/14/81,5:04:42,80,593
1278,1/17/99,9:49:28,94,101
1279,4/30/80,3:17:21,52,847
1280,1/9/07,20:47:03,56,540
1281,6/30/13,15:14:24,84,550
1282,1/4/12,15:58:05,80,729
1283,7/23/99,20:14:37,95,97
1284,5/6/05,7:01:30,89,543
1285,11/5/99,3:02:47,80,142
1286,1/22/02,11:55:31,47,381
1287,9/13/84,13:52:50,75,316
1288,12/15/06,1:40:02,64,392
1289,5/30/12,18:25:47,39,626
1290,4/2/92,12:21:35,45,479
1291,7/4/03,9:41:16,94,28
1292,7/9/82,20:12:20,42,232
1293,6/12/90,15:20:58,67,739
1294,8/30/90,13:17:22,3,483
1295,11/6/01,19:40:00,19,773
1296,3/17/80,20:12:02,77,125
1297,12/26/81,8:52:57,79,521
1298,11/16/95,9:22:49,84,685
1299,3/4/96,12:02:09,96,510
1300,9/26/00,0:31:19,96,58
1301,9/3/05,18:30:20,90,872
1302,7/17/98,20:57:14,10,63
1303,12/22/94,20:50:04,90,74
1304,7/29/01,5:02:06,47,567
1305,10/4/10,5:29:14,55,862
1306,7/14/11,11:46:21,8,825
1307,8/22/95,11:46:48,36,748
1308,4/10/09,1:02:28,95,969
1309,4/30/95,17:09:05,42,443
1310,3/24/82,22:32:41,55,139
1311,3/20/93,8:01:41,51,611
1312,11/12/89,4:07:20,96,851
1313,6/21/85,14:47:48,28,273
1314,1/16/89,21:48:31,90,124
1315,4/11/99,6:09:23,28,289
1316,9/19/96,22:57:20,33,847
1317,6/18/03,8:50:32,45,679
1318,4/30/84,14:53:48,56,367
1319,3/11/97,6:16:11,20,184
1320,7/20/02,19:44:41,20,802
1321,9/1/02,13:33:10,91,272
1322,4/21/97,17:50:55,46,507
1323,1/8/02,20:42:08,91,143
1324,3/4/12,9:34:52,45,883
1325,6/25/89,23:10:50,73,199
1326,9/5/89,18:40:27,94,29
1327,7/22/93,23:58:03,19,20
1328,1/8/96,23:42:58,95,719
1329,7/25/01,20:06:47,93,536
1330,3/19/09,11:39:55,76,251
1331,11/29/97,19:59:07,34,514
1332,12/7/10,5:00:27,30,878
1333,4/8/10,10:59:30,98,62
1334,12/6/00,4:13:06,44,194
1335,11/21/11,14:52:15,58,482
1336,4/5/91,16:39:51,31,71
1337,5/2/88,14:39:04,69,41
1338,12/14/98,16:46:38,34,997
1339,11/28/84,5:14:23,70,53
1340,3/30/86,14:30:50,76,170
1341,3/6/09,8:47:54,85,208
1342,10/21/01,15:13:50,60,502
1343,10/1/85,16:14:06,8,421
1344,3/14/87,22:02:41,11,271
1345,1/24/02,17:22:32,15,396
1346,5/18/12,15:13:40,17,673
1347,2/2/12,11:54:36,6,939
1348,7/17/86,1:46:54,36,916
1349,2/24/99,18:46:25,45,661
1350,9/4/07,0:42:32,15,666
1351,6/10/00,0:26:15,5,574
1352,8/10/05,22:14:21,9,389
1353,1/17/09,1:56:34,92,663
1354,5/11/12,10:32:38,25,154
1355,7/2/11,6:40:12,12,274
1356,12/7/86,15:35:49,20,156
1357,4/27/88,13:48:51,39,121
1358,6/7/85,11:11:04,49,587
1359,3/14/89,18:22:14,24,400
1360,12/23/05,21:24:29,71,860
1361,6/29/99,18:53:07,54,21
1362,12/28/98,4:14:57,34,853
1363,8/24/06,16:31:56,24,484
1364,5/13/05,13:25:16,12,935
1365,7/29/88,18:21:40,46,943
1366,5/6/94,9:27:15,29,940
1367,8/26/02,16:06:09,32,294
1368,3/9/82,19:10:08,53,247
1369,1/6/09,2:08:19,27,951
1370,10/26/99,23:58:38,41,424
1371,2/3/07,11:12:40,24,620
1372,8/28/98,13:03:21,57,54
1373,1/5/07,20:02:32,74,342
1374,1/22/95,20:14:58,16,861
1375,12/22/95,0:41:28,56,461
1376,7/29/05,16:33:16,17,566
1377,7/28/80,3:45:40,68,305
1378,8/27/08,11:11:12,80,273
1379,6/14/01,23:47:22,65,761
1380,3/10/93,13:17:57,9,401
1381,11/24/88,4:18:09,90,180
1382,12/16/04,8:39:55,92,478
1383,7/17/80,0:37:10,92,260
1384,5/20/12,18:59:30,54,407
1385,6/22/01,20:48:23,70,591
1386,4/28/91,5:18:48,42,760
1387,3/1/04,23:29:13,64,198
1388,10/5/91,9:22:29,15,683
1389,11/13/92,23:57:12,81,124
1390,5/6/91,23:57:06,32,301
1391,3/14/96,4:23:08,74,335
1392,9/18/80,1:43:43,24,518
1393,3/29/88,9:57:32,18,656
1394,6/5/93,19:39:38,1,729
1395,6/9/05,17:50:11,59,345
1396,3/7/80,3:43:14,39,28
1397,3/3/84,16:47:03,71,394
1398,1/11/86,23:18:16,48,665
1399,7/31/97,9:54:42,70,759
1400,10/8/85,5:38:05,64,386
1401,10/15/05,23:57:30,96,956
1402,8/10/05,5:30:26,19,490
1403,3/22/90,15:55:19,54,685
1404,2/23/95,4:01:56,3,749
1405,7/28/07,1:01:26,52,786
1406,9/16/87,4:38:26,51,12
1407,8/16/07,13:52:35,55,652
1408,7/27/91,13:49:48,99,121
1409,9/20/08,4:53:11,15,229
1410,1/12/92,23:51:15,82,824
1411,5/24/93,10:35:06,9,577
1412,7/21/84,8:49:49,80,909
1413,9/4/88,18:45:53,76,972
1414,3/7/90,11:17:06,18,903
1415,5/22/99,20:44:46,1,81
1416,9/5/96,4:46:16,86,95
1417,3/22/88,1:05:36,16,17
1418,9/22/95,15:53:10,7,728
1419,3/28/97,6:26:38,97,110
1420,4/1/89,22:50:03,53,735
1421,4/7/80,10:55:37,85,460
1422,3/25/98,1:01:51,78,315
1423,6/13/90,18:34:54,80,691
1424,6/5/80,17:06:46,34,419
1425,6/3/99,23:22:10,34,981
1426,6/10/12,7:56:06,18,391
1427,2/4/92,6:54:40,28,112
1428,7/17/98,20:06:00,22,465
1429,3/31/91,0:07:08,38,534
1430,10/5/97,9:31:52,85,952
1431,12/23/85,16:33:50,95,903
1432,1/6/81,15:42:10,81,11
1433,2/15/85,22:08:50,11,927
1434,12/26/12,19:19:25,31,936
1435,5/31/08,19:20:50,43,746
1436,9/23/11,12:43:04,34,803
1437,9/5/96,15:05:17,62,762
1438,1/8/83,1:47:29,27,385
1439,1/20/00,18:58:56,90,184
1440,11/13/80,21:30:18,57,583
1441,10/26/94,19:10:15,32,515
1442,10/15/90,7:41:15,81,896
1443,7/23/06,0:03:36,6,964
1444,3/9/89,2:29:27,2,528
1445,12/20/82,2:07:55,14,248
1446,4/10/02,6:05:10,98,634
1447,3/25/99,8:56:22,28,37
1448,11/11/90,4:22:30,61,860
1449,8/4/06,20:05:43,67,786
1450,5/25/92,22:44:38,29,407
1451,5/29/08,19:06:32,31,183
1452,11/5/87,3:31:48,67,494
1453,6/21/94,10:12:02,50,918
1454,5/15/03,20:10:52,52,479
1455,8/3/81,6:01:26,67,213
1456,9/23/80,7:58:54,85,866
1457,3/2/05,0:35:15,97,541
1458,3/27/92,22:07:24,53,145
1459,7/8/94,20:16:23,31,25
1460,5/24/95,16:13:59,82,413
1461,6/16/05,15:36:44,70,739
1462,4/26/88,14:13:02,95,364
1463,7/6/99,20:02:27,97,481
1464,5/19/98,13:32:24,38,698
1465,6/17/88,18:36:28,53,882
1466,7/16/82,13:23:16,29,132
1467,6/13/85,16:34:28,6,777
1468,10/21/09,18:48:10,78,362
1469,9/20/04,19:02:48,64,541
1470,6/27/13,4:43:18,58,543
1471,7/24/00,19:24:45,27,57
1472,3/26/02,16:31:53,5,391
1473,3/26/93,19:47:36,3,731
1474,8/24/85,22:56:51,84,630
1475,3/15/82,8:28:11,16,686
1476,2/21/07,3:30:48,9,712
1477,4/13/89,16:06:24,29,280
1478,6/15/10,7:02:22,9,465
1479,8/16/07,10:12:47,65,829
1480,12/23/13,5:47:51,29,537
1481,11/23/92,18:15:34,78,906
1482,1/23/84,0:04:51,27,457
1483,7/31/83,16:42:36,15,504
1484,9/8/88,3:12:52,4,65
1485,6/30/95,21:08:06,97,215
1486,12/23/06,2:31:59,20,994
1487,10/19/10,9:04:40,75,979
1488,7/4/09,12:38:38,90,62
1489,7/10/99,22:21:44,53,49
1490,4/26/03,23:05:00,38,782
1491,5/2/12,5:36:14,49,254
1492,4/23/10,8:16:43,85,468
1493,1/4/85,12:24:12,77,710
1494,4/19/03,16:02:05,52,419
1495,2/4/02,10:35:44,95,984
1496,1/12/11,22:07:16,6,214
1497,6/6/85,0:19:05,41,89
1498,1/14/85,10:06:41,65,963
1499,11/29/82,7:20:41,55,209
1500,7/25/91,17:36:47,31,457
1501,11/2/97,18:35:49,8,740
1502,12/13/10,7:01:50,13,429
1503,12/23/96,6:58:41,10,72
1504,12/6/09,13:23:28,77,58
1505,6/29/97,18:52:03,74,657
1506,11/29/87,8:42:27,50,496
1507,10/19/00,13:30:21,23,311
1508,4/17/97,6:21:43,3,847
1509,8/8/96,15:46:48,26,967
1510,2/14/81,23:55:45,66,76
1511,5/2/99,15:09:21,36,66
1512,6/24/97,7:55:34,21,844
1513,11/22/99,18:29:36,6,498
1514,12/24/97,18:04:41,26,814
1515,6/23/82,3:15:39,78,903
1516,7/10/83,6:12:57,85,177
1517,4/19/87,4:31:54,59,416
1518,12/4/00,16:49:15,93,676
1519,10/31/81,12:52:59,20,53
1520,10/7/10,1:24:44,55,570
1521,2/1/90,10:19:36,43,578
1522,5/2/13,23:16:27,82,663
1523,4/19/98,18:18:01,78,759
1524,9/7/02,9:39:20,67,198
1525,4/27/04,9:48:47,61,954
1526,9/26/08,17:15:44,91,630
1527,6/20/03,18:09:05,7,158
1528,3/30/85,19:25:42,64,144
1529,3/31/93,10:55:56,38,218
1530,10/18/88,6:36:14,41,617
1531,1/6/10,20:07:35,19,294
1532,9/13/85,22:01:36,62,931
1533,2/14/95,11:16:47,90,575
1534,1/26/89,6:06:10,21,467
1535,2/1/06,22:22:09,87,209
1536,10/23/82,5:00:31,57,694
1537,4/25/87,15:43:46,22,165
1538,9/14/88,17:33:34,48,13
1539,6/17/91,17:21:53,81,815
1540,5/28/87,10:13:35,32,527
1541,10/31/97,14:22:26,69,580
1542,8/18/11,8:08:44,83,198
1543,11/29/07,1:47:10,40,247
1544,6/22/91,1:29:15,19,812
1545,5/13/05,17:17:28,29,17
1546,10/13/82,6:21:23,64,100
1547,9/24/96,15:05:44,55,645
1548,3/3/08,23:19:50,73,891
1549,3/31/83,18:14:36,20,709
1550,3/4/97,0:54:40,32,700
1551,5/4/85,9:58:59,20,753
1552,8/1/11,19:21:45,99,425
1553,5/11/81,0:52:20,20,57
1554,10/12/11,14:34:46,91,262
1555,2/12/95,13:13:15,80,21
1556,1/5/11,22:36:33,62,327
1557,12/6/01,20:51:41,67,830
1558,5/17/91,20:22:09,1,548
1559,10/16/82,6:28:24,11,155
1560,1/14/99,17:17:55,49,583
1561,1/22/10,14:39:45,84,555
1562,7/5/85,14:16:05,99,572
1563,11/23/81,2:18:38,46,943
1564,2/12/03,8:24:13,98,787
1565,12/28/98,13:35:18,65,536
1566,10/31/92,11:52:07,73,960
1567,5/16/98,13:51:49,47,263
1568,11/15/94,18:00:59,55,72
1569,6/15/00,13:32:36,13,104
1570,5/26/90,18:30:05,69,456
1571,6/27/95,7:28:33,18,161
1572,10/20/86,5:59:34,18,555
1573,3/4/85,23:20:26,8,487
1574,8/25/95,17:42:51,52,211
1575,5/14/90,22:46:55,28,926
1576,6/5/00,17:57:27,50,405
1577,5/20/94,19:20:32,10,858
1578,10/1/80,15:13:46,82,544
1579,12/22/08,17:00:33,54,85
1580,4/21/91,14:13:06,4,76
1581,6/18/09,8:39:45,60,332
1582,7/19/94,23:51:26,26,272
1583,5/26/07,0:55:52,74,925
1584,12/2/87,19:52:33,25,134
1585,6/15/87,22:39:12,64,355
1586,7/2/06,18:32:48,21,76
1587,6/2/91,8:22:51,16,924
1588,3/12/08,7:50:48,6,883
1589,12/30/03,17:09:52,19,544
1590,10/9/85,9:48:43,54,918
1591,4/18/87,8:16:03,11,903
1592,8/23/87,2:18:36,87,747
1593,12/12/13,5:14:54,61,654
1594,11/30/88,12:19:42,94,266
1595,6/14/10,3:48:20,86,423
1596,2/6/92,5:09:58,64,552
1597,5/14/13,14:12:11,59,775
1598,8/17/00,20:32:08,83,676
1599,6/28/90,2:06:07,58,987
1600,3/21/93,11:32:23,97,350
1601,8/13/89,23:32:22,5,179
1602,9/8/85,7:10:30,70,630
1603,10/10/84,11:19:40,4,328
1604,9/5/89,15:08:08,56,925
1605,7/4/04,4:47:54,94,163
1606,6/15/10,9:38:08,28,915
1607,9/30/11,20:39:00,5,158
1608,2/8/90,19:10:02,6,105
1609,12/13/81,9:14:05,31,88
1610,3/21/94,8:27:04,83,470
1611,12/28/94,2:42:55,42,780
1612,5/20/08,20:38:23,2,869
1613,10/3/91,18:32:09,4,845
1614,1/6/11,2:37:48,3,585
1615,11/6/10,8:32:29,42,692
1616,8/17/94,15:34:06,100,907
1617,7/14/97,20:29:28,13,919
1618,4/5/81,16:04:11,90,414
1619,11/4/97,6:29:15,11,474
1620,8/3/98,1:37:59,85,886
1621,2/28/09,21:02:33,64,812
1622,1/31/93,0:56:15,92,101
1623,11/25/11,2:49:01,16,51
1624,5/30/92,12:10:33,28,816
1625,7/13/01,14:14:38,42,350
1626,8/30/84,10:07:31,97,354
1627,8/22/83,21:47:02,43,75
1628,1/3/84,18:25:31,97,729
1629,1/15/82,14:59:32,7,923
1630,7/29/00,17:41:47,100,361
1631,1/16/05,4:02:11,48,635
1632,5/11/83,19:51:49,85,439
1633,5/9/07,18:25:55,81,488
1634,8/22/96,14:31:34,47,184
1635,5/2/03,20:38:29,40,303
1636,5/15/09,6:37:42,66,689
1637,5/3/80,7:16:58,35,212
1638,5/4/83,10:34:54,55,705
1639,1/24/88,15:30:41,3,439
1640,6/2/85,19:50:01,84,954
1641,3/5/95,5:16:59,81,139
1642,6/25/98,10:53:20,33,121
1643,1/20/05,22:28:45,75,449
1644,8/1/94,13:51:49,40,171
1645,6/13/83,6:02:45,7,470
1646,10/1/98,4:28:41,17,802
1647,4/13/01,16:33:23,80,876
1648,11/1/85,23:55:47,46,642
1649,1/3/82,10:34:00,1,82
1650,1/30/06,17:57:55,57,815
1651,7/19/01,16:38:58,22,525
1652,1/31/97,2:08:50,18,102
1653,7/23/96,17:42:48,28,893
1654,2/6/12,20:20:57,82,659
1655,11/2/85,4:06:55,17,307
1656,12/18/95,12:23:47,89,917
1657,2/7/89,21:25:39,82,624
1658,9/11/02,21:17:28,10,301
1659,8/8/08,12:25:30,70,516
1660,5/14/93,6:51:35,84,30
1661,7/26/09,13:35:35,59,801
1662,11/13/02,16:10:42,68,281
1663,6/10/86,12:34:27,53,862
1664,1/19/85,21:54:13,53,467
1665,8/30/87,8:33:43,44,244
1666,11/18/82,4:04:35,64,806
1667,6/12/05,10:55:21,22,635
1668,11/27/89,21:02:29,7,268
1669,7/7/11,12:45:12,86,259
1670,12/4/99,22:42:28,38,159
1671,2/28/12,17:43:33,35,765
1672,10/19/13,21:38:55,10,362
1673,6/27/92,2:03:42,95,792
1674,6/3/84,2:35:02,61,545
1675,10/7/01,14:25:39,11,751
1676,9/12/95,14:36:42,24,493
1677,7/20/80,5:32:59,41,983
1678,3/29/84,12:55:13,65,592
1679,2/24/13,19:31:19,90,860
1680,8/5/98,9:35:24,48,599
1681,12/1/97,11:38:29,32,434
1682,2/8/11,10:40:47,17,63
1683,6/29/97,3:47:25,96,116
1684,1/11/91,13:27:27,57,459
1685,6/12/84,1:24:17,3,427
1686,6/17/95,0:20:23,69,485
1687,11/9/82,19:46:53,57,837
1688,9/2/97,14:43:41,37,390
1689,11/11/81,10:35:23,64,854
1690,6/23/86,14:52:40,68,487
1691,7/29/81,2:12:56,81,515
1692,9/25/86,6:43:56,23,949
1693,11/15/04,10:31:52,81,71
1694,6/22/02,9:50:10,44,905
1695,4/22/90,3:24:54,95,917
1696,12/23/05,9:17:49,41,143
1697,4/9/07,0:09:29,86,674
1698,2/16/89,13:29:31,10,308
1699,9/12/98,3:48:52,50,30
1700,6/28/96,5:01:53,56,603
1701,9/21/06,20:48:22,91,333
1702,5/6/06,1:09:29,44,681
1703,7/2/96,18:02:43,97,947
1704,7/21/92,22:11:03,29,432
1705,2/4/02,14:54:13,95,229
1706,12/3/81,20:40:30,13,380
1707,8/18/81,4:17:09,57,522
1708,10/7/92,0:47:30,12,345
1709,3/28/04,13:23:02,41,46
1710,3/15/99,5:37:51,59,362
1711,5/11/99,18:56:56,75,759
1712,5/23/93,0:34:44,67,839
1713,7/17/88,21:05:56,26,686
1714,4/19/81,12:56:47,12,231
1715,9/15/06,18:04:49,91,797
1716,7/18/05,10:47:04,11,542
1717,8/13/93,13:59:29,11,458
1718,10/28/90,5:00:59,15,131
1719,2/26/03,1:24:18,75,603
1720,6/19/88,0:19:59,97,255
1721,7/27/13,2:18:56,56,373
1722,10/14/90,23:23:46,57,995
1723,11/8/04,10:09:47,79,575
1724,7/11/90,19:16:33,67,507
1725,2/18/10,21:30:19,31,78
1726,5/2/05,11:49:26,3,652
1727,1/13/02,12:16:37,7,762
1728,2/23/91,13:38:28,75,529
1729,5/5/07,18:29:43,5,871
1730,2/22/88,2:24:55,73,378
1731,5/29/80,20:48:34,56,776
1732,12/28/91,8:53:15,57,959
1733,1/29/85,10:29:15,38,691
1734,1/16/02,13:44:36,58,596
1735,1/6/98,15:31:57,48,878
1736,4/28/94,20:41:16,41,360
1737,4/22/00,18:00:43,33,802
1738,3/28/13,3:24:45,98,69
1739,6/5/04,16:37:30,92,166
1740,11/3/12,13:09:40,20,402
1741,2/7/08,19:16:02,14,216
1742,3/24/85,18:49:32,78,55
1743,2/19/01,19:03:43,26,629
1744,4/18/89,5:05:59,76,502
1745,4/26/85,21:00:57,32,77
1746,4/29/88,23:13:13,46,477
1747,8/12/05,11:07:16,16,36
1748,4/12/94,11:33:05,99,582
1749,7/25/92,21:04:31,2,312
1750,5/8/94,15:54:11,76,49
1751,11/11/86,6:05:21,92,855
1752,3/3/86,15:49:18,40,405
1753,9/23/85,12:54:46,76,704
1754,1/20/08,7:57:25,63,686
1755,1/16/81,21:31:23,72,68
1756,9/3/93,3:54:44,78,225
1757,10/7/02,10:08:39,27,599
1758,11/7/92,8:11:34,99,236
1759,8/18/09,12:31:37,72,852
1760,3/6/00,17:26:30,100,52
1761,7/20/06,19:49:54,65,514
1762,5/15/10,21:36:03,15,994
1763,11/19/00,9:29:41,34,238
1764,6/10/99,5:54:01,76,83
1765,12/19/12,8:32:52,9,342
1766,8/6/80,20:42:48,8,320
1767,3/16/98,4:21:07,72,919
1768,7/31/96,7:19:34,73,417
1769,11/1/99,3:04:05,75,876
1770,8/3/10,9:08:49,33,828
1771,11/29/97,16:37:01,54,40
1772,1/11/90,10:59:03,58,303
1773,3/13/03,4:59:35,39,447
1774,1/22/80,8:03:26,45,623
1775,10/28/07,21:55:22,26,519
1776,12/27/91,19:49:52,38,939
1777,1/3/80,12:00:37,27,86
1778,8/18/88,10:25:20,92,343
1779,4/1/06,9:00:24,34,271
1780,4/30/05,15:12:35,23,452
1781,9/27/03,22:27:04,56,940
1782,11/24/08,3:16:01,27,912
1783,9/2/95,17:57:28,42,796
1784,8/17/02,7:18:57,94,576
1785,5/11/04,3:20:21,88,982
1786,11/13/84,6:14:28,14,749
1787,3/6/86,3:51:32,67,172
1788,10/15/13,8:11:16,64,500
1789,9/20/85,13:48:47,59,111
1790,5/29/03,1:45:49,87,429
1791,4/28/84,2:57:45,10,690
1792,2/12/80,2:30:33,67,230
1793,6/26/91,22:46:51,4,419
1794,1/26/13,6:29:03,33,871
1795,9/1/95,17:45:24,45,989
1796,6/5/91,0:32:02,55,864
1797,12/13/08,9:01:44,76,441
1798,7/31/13,15:29:20,22,235
1799,5/9/87,23:43:13,89,412
1800,3/7/02,2:16:24,13,100
1801,9/2/87,17:19:35,50,954
1802,1/21/04,1:56:16,14,374
1803,7/29/85,7:29:52,26,699
1804,11/24/08,10:11:15,88,726
1805,12/12/09,12:54:24,93,9
1806,9/23/08,2:28:25,51,369
1807,11/29/85,4:25:40,92,813
1808,2/21/07,5:52:00,67,28
1809,10/23/02,16:53:58,89,356
1810,8/10/94,6:18:26,41,171
1811,3/15/81,13:50:45,17,354
1812,9/20/94,15:05:22,50,27
1813,5/27/98,2:25:35,24,742
1814,3/5/88,20:16:50,67,412
1815,6/7/00,21:54:45,47,826
1816,5/13/88,10:14:31,50,339
1817,7/26/05,11:18:16,45,499
1818,5/6/09,13:15:22,48,47
1819,7/19/83,2:22:23,47,207
1820,10/19/99,20:45:25,58,914
1821,11/4/13,9:45:32,82,401
1822,2/5/92,7:31:18,53,646
1823,7/5/98,10:24:48,93,244
1824,3/31/95,13:24:53,95,870
1825,4/2/88,22:49:28,93,254
1826,10/21/91,8:44:25,16,61
1827,4/22/11,0:33:38,71,431
1828,4/20/94,19:14:40,19,579
1829,7/15/12,12:36:34,75,372
1830,5/12/96,11:41:33,48,10
1831,8/12/04,6:45:48,4,946
1832,11/5/05,11:32:49,3,195
1833,1/10/92,14:39:34,9,341
1834,5/8/02,3:22:47,86,803
1835,6/23/92,12:58:20,1,795
1836,1/8/91,5:59:21,3,999
1837,10/19/11,19:54:34,84,14
1838,5/19/08,5:46:34,76,575
1839,7/27/93,18:25:40,55,394
1840,7/10/12,17:02:47,21,737
1841,5/13/00,23:14:53,23,958
1842,6/4/92,22:27:40,69,758
1843,1/20/06,9:50:44,23,707
1844,3/19/88,19:04:16,26,123
1845,4/22/12,3:27:13,62,292
1846,10/16/06,15:12:26,99,305
1847,1/5/84,5:17:53,49,992
1848,9/15/88,6:26:39,35,563
1849,5/11/99,17:04:17,69,840
1850,4/1/98,19:50:17,89,800
1851,8/16/05,16:16:35,40,448
1852,7/7/03,18:10:31,76,58
1853,4/6/93,13:58:34,17,32
1854,9/30/00,0:41:19,35,103
1855,4/24/95,6:55:44,51,637
1856,10/3/01,22:58:21,88,705
1857,5/13/13,19:21:25,25,251
1858,10/9/09,15:49:11,8,460
1859,8/31/90,12:39:54,56,368
1860,8/7/09,16:07:55,89,601
1861,7/12/09,14:52:27,16,776
1862,4/30/96,21:01:38,13,479
1863,10/21/06,21:34:05,44,796
1864,9/20/82,9:05:40,1,179
1865,11/14/92,11:11:35,26,263
1866,2/25/12,11:19:52,19,290
1867,7/13/12,1:21:16,1,937
1868,1/18/90,14:32:06,62,446
1869,5/27/01,15:04:36,24,47
1870,6/5/06,5:19:12,26,883
1871,9/7/80,2:17:17,63,622
1872,3/10/97,16:27:38,50,496
1873,3/18/84,6:06:42,63,57
1874,12/27/05,20:44:54,35,408
1875,2/11/03,0:28:39,8,443
1876,9/6/02,22:36:43,53,831
1877,11/8/01,3:19:15,74,987
1878,5/3/05,5:17:23,12,363
1879,9/28/04,23:48:56,2,132
1880,12/2/93,1:27:59,81,394
1881,9/2/81,16:59:08,73,544
1882,10/10/83,2:56:37,72,228
1883,11/30/10,17:50:06,54,790
1884,1/4/88,2:42:54,54,650
1885,1/3/08,14:03:13,47,377
1886,9/11/13,16:55:59,54,261
1887,6/21/85,19:26:51,90,899
1888,9/15/06,12:23:38,37,807
1889,2/24/04,2:15:25,83,827
1890,2/22/08,20:18:43,98,620
1891,10/18/10,10:23:19,63,661
1892,4/1/84,20:14:36,26,868
1893,10/5/93,18:52:14,54,598
1894,5/27/08,3:20:44,43,640
1895,8/24/06,16:15:06,48,896
1896,5/14/06,12:17:51,17,28
1897,9/10/82,18:27:12,27,542
1898,9/2/09,20:33:47,77,491
1899,9/5/04,22:00:54,86,38
1900,7/19/96,15:35:38,10,843
1901,5/7/07,5:58:43,98,797
1902,5/31/87,12:42:40,88,221
1903,4/6/94,17:08:31,28,411
1904,6/20/97,8:53:39,81,773
1905,3/10/80,12:49:57,35,391
1906,10/12/82,13:59:21,18,620
1907,9/5/04,5:46:23,40,641
1908,11/10/01,21:43:14,1,690
1909,2/5/88,18:16:35,29,618
1910,4/1/80,21:37:29,99,646
1911,3/13/96,7:31:37,11,84
1912,5/28/06,8:01:04,91,129
1913,1/17/88,9:32:21,49,961
1914,6/30/05,0:31:36,22,754
1915,6/30/05,21:56:58,52,32
1916,4/2/98,13:24:33,98,636
1917,9/1/81,17:12:41,88,779
1918,9/3/13,1:22:37,42,625
1919,5/25/09,0:31:12,95,570
1920,8/30/97,13:42:28,17,98
1921,9/5/86,6:49:03,92,613
1922,9/3/05,19:26:54,86,123
1923,12/22/13,23:14:05,27,257
1924,9/28/99,15:35:25,41,632
1925,7/14/96,10:29:47,75,354
1926,3/4/11,21:45:03,3,902
1927,2/19/08,1:53:47,73,603
1928,11/13/06,12:33:22,67,36
1929,7/5/07,4:54:30,28,454
1930,9/24/09,11:08:08,22,147
1931,1/14/96,7:09:55,86,347
1932,1/29/01,10:59:21,25,285
1933,5/2/86,19:34:01,34,241
1934,12/17/05,6:00:26,31,513
1935,11/29/93,5:48:44,88,223
1936,1/5/90,21:13:08,93,3
1937,12/14/89,11:09:13,43,484
1938,2/23/01,3:37:16,38,705
1939,3/12/81,0:27:01,72,982
1940,8/12/13,9:38:13,42,254
1941,3/29/09,14:25:32,54,364
1942,1/15/92,4:48:12,94,995
1943,11/18/85,4:39:17,87,55
1944,3/22/99,6:32:49,13,449
1945,8/27/83,3:47:31,82,284
1946,9/21/91,1:10:23,56,496
1947,7/30/06,11:58:52,64,773
1948,6/9/07,15:44:04,66,667
1949,3/31/02,4:54:12,55,886
1950,9/15/05,20:29:20,27,973
1951,5/1/90,15:53:01,67,197
1952,2/13/11,1:28:13,52,691
1953,10/8/82,21:03:59,44,734
1954,10/30/09,8:20:02,83,435
1955,12/20/07,23:29:44,53,970
1956,9/30/91,0:23:17,55,971
1957,8/11/12,5:48:32,44,783
1958,8/31/92,7:17:35,70,600
1959,3/27/00,16:39:14,25,325
1960,4/7/99,14:56:09,33,307
1961,12/9/81,6:43:52,99,718
1962,2/3/89,11:48:14,66,459
1963,1/18/99,21:10:44,39,876
1964,8/8/10,9:34:54,89,709
1965,9/2/96,7:23:13,43,937
1966,12/15/08,6:36:46,65,361
1967,4/19/91,8:31:58,100,138
1968,9/7/05,12:41:36,78,616
1969,2/19/99,16:43:47,73,703
1970,5/11/05,19:03:33,44,779
1971,11/6/13,23:02:05,67,218
1972,10/16/03,13:25:41,48,608
1973,1/17/99,17:03:59,100,977
1974,7/24/87,5:00:27,83,252
1975,10/27/97,15:09:03,14,27
1976,11/29/83,14:40:24,58,800
1977,4/10/99,11:26:38,67,429
1978,9/11/02,2:30:45,51,336
1979,3/18/92,17:20:27,49,527
1980,2/27/88,12:42:39,75,428
1981,7/29/91,5:49:43,31,339
1982,7/28/94,11:33:35,2,229
1983,10/21/83,5:54:35,78,703
1984,7/19/87,20:23:03,41,89
1985,9/2/93,17:50:14,79,169
1986,7/26/91,20:13:14,29,937
1987,4/24/97,9:48:11,9,618
1988,1/23/08,17:43:47,22,934
1989,10/7/99,10:33:38,96,737
1990,9/6/86,10:54:45,36,342
1991,3/29/85,9:08:25,61,89
1992,4/17/08,19:09:58,51,791
1993,5/22/05,8:31:13,52,596
1994,8/7/00,9:20:49,64,199
1995,2/14/93,8:01:15,65,440
1996,4/4/98,21:30:05,82,69
1997,6/22/93,3:22:28,21,236
1998,2/5/90,6:36:36,64,288
1999,2/7/81,5:46:16,81,970
2000,1/22/89,15:52:29,40,844